molecule_chembl_id,canonical_smiles,standard_value,class
CHEMBL152758,CC(N[C@H](C)C(=O)N1CCC[C@H]1C(=O)O)C(=O)O,90.0,active
CHEMBL291381,O=C(CCC(=O)N1CCCC1C(=O)O)NO,50000.0,inactive
CHEMBL358439,C[C@@H](NCC(=O)O)C(=O)N1CCC[C@H]1C(=O)O,2400.0,intermediate
CHEMBL1237,NCCCC[C@H](N[C@@H](CCc1ccccc1)C(=O)O)C(=O)N1CCC[C@H]1C(=O)O,1.2,active
CHEMBL293213,CC(CCC(=O)N1CCCC1C(=O)O)C(=O)O,260000.0,inactive
CHEMBL62678,C[C@@H](CCC(=O)O)C(=O)N1CCCC1C(=O)O,4900.0,intermediate
CHEMBL577,C[C@H](N[C@@H](CCc1ccccc1)C(=O)O)C(=O)N1CCC[C@H]1C(=O)O,1.2,active
CHEMBL10973,O=C(NC(Cc1ccccc1)C(=O)CCC(=O)N1CCCC1c1nn[nH]n1)c1ccccc1,22000.0,inactive
CHEMBL11795,CC(=O)SCC1CCCN(CC(=O)O)C1=O,100000.0,inactive
CHEMBL11507,O=C(O)CN1CCC(CS)C1=O,3700.0,intermediate
CHEMBL12006,CC(=O)SCC1CCCN(C(C(=O)O)c2ccccc2)C1=O,19000.0,inactive
CHEMBL10690,O=C(NC(Cc1ccccc1)C(=O)CCC(=O)N1CCCC1P(=O)(O)O)c1ccccc1,100000.0,inactive
CHEMBL416339,CC(=O)SCC1CCCN(C(C)C(=O)O)C1=O,35000.0,inactive
CHEMBL1560,C[C@H](CS)C(=O)N1CCC[C@H]1C(=O)O,12.0,active
CHEMBL75433,CCCCC(CC(=O)NO)[S+]([O-])c1ccccc1,100000.0,inactive
CHEMBL1788203,CCCC[C@H](CC(=O)NO)S(=O)(=O)c1ccccc1,34000.0,inactive
CHEMBL263501,CCCCC(CC(=O)NO)S(=O)(=O)c1ccccc1,81000.0,inactive
CHEMBL2092878,CCCC[C@@H](CC(=O)NO)S(=O)(=O)c1ccccc1,100000.0,inactive
CHEMBL416147,O=C(NC(Cc1ccccc1)C(=O)CCC(=O)N1CCC[C@H]1C(=O)O)c1ccccc1,70.0,active
CHEMBL77258,CCCCC(CC(=O)NO)S(=O)(=O)C1CCCCC1,100000.0,inactive
CHEMBL11707,O=C(O)CN1CCCC(CS)C1=O,1000.0,active
CHEMBL11783,CC(=O)SCC1CCN(CC(=O)O)C1=O,33000.0,inactive
CHEMBL416706,CCCC(C(=O)O)N1CCCC(CSC(C)=O)C1=O,30000.0,inactive
CHEMBL274553,O=C(NC(Cc1ccccc1)C(=O)CCC(=O)N1CCCC1C(=O)NO)c1ccccc1,1600.0,intermediate
CHEMBL275702,NCCCCC(NC(=O)C1CCC1)C(=O)NC(Cc1ccccc1)C(=O)CCC(=O)N1CCCC1C(=O)NO.O=C(O)C(F)(F)F,11.0,active
CHEMBL274550,NCCCCC(NC(=O)C1CCC1)C(=O)NC(Cc1ccccc1)C(=O)CCC(=O)N1CCCC1C(=O)O.O=C(O)C(F)(F)F,7.6,active
CHEMBL78001,CCCCC(CC(=O)NO)S(=O)(=O)c1ccc2ccccc2c1,12400.0,inactive
CHEMBL301364,O=C(O)CCN1C(=O)[C@@H](NC(=O)[C@@H](S)Cc2ccccc2)CCc2ccccc21,36.0,active
CHEMBL287896,C[C@H](NC(=O)[C@@H](S)Cc1ccccc1)C(=O)N1CCC[C@H]1C(=O)O,30.0,active
CHEMBL50559,C[C@@H]1Oc2ccccc2N(CC(=O)O)C(=O)[C@H]1NC(=O)[C@@H](S)Cc1ccccc1,36.0,active
CHEMBL299441,O=C(O)CCN1C(=O)[C@@H](NC(=O)[C@@H](S)Cc2ccccc2)CSc2ccccc21,14.0,active
CHEMBL299181,C[C@H](NC(=O)[C@@H](CS)Cc1ccccc1)C(=O)N1CCC[C@H]1C(=O)O,4.0,active
CHEMBL52733,C[C@H]1Oc2ccccc2N(CCC(=O)O)C(=O)[C@H]1NC(=O)[C@@H](S)Cc1ccccc1,18.0,active
CHEMBL301751,O=C(O)CCN1C(=O)[C@@H](NC(=O)[C@@H](S)Cc2ccccc2)COc2ccccc21,31.0,active
CHEMBL298388,O=C(O)CN1C(=O)[C@@H](NC(=O)[C@@H](S)Cc2ccccc2)CSc2ccccc21,13.0,active
CHEMBL51389,O=C(O)CN1C(=O)[C@@H](NC(=O)[C@@H](CS)Cc2ccccc2)COc2ccccc21,4.4,active
CHEMBL299639,O=C(O)CN1C(=O)[C@@H](NC(=O)[C@@H](S)Cc2ccccc2)CCc2ccccc21,12.0,active
CHEMBL53879,C[C@H]1Oc2ccccc2N(CC(=O)O)C(=O)[C@H]1NC(=O)[C@@H](S)Cc1ccccc1,13.0,active
CHEMBL54036,O=C(O)CN1C(=O)[C@@H](NC(=O)[C@@H](S)Cc2ccccc2)COc2ccccc21,28.0,active
CHEMBL310200,COc1ccc(CSC[C@@H](NC(=O)[C@H](CS)Cc2ccccc2)C(=O)O)cc1,290.0,active
CHEMBL51438,O=C(O)CCN1C(=O)[C@@H](NC(=O)[C@@H](CS)Cc2ccccc2)CCc2ccccc21,36.0,active
CHEMBL80055,Cc1ccc(CSC[C@@H](NC(=O)[C@@H](CS)Cc2ccccc2)C(=O)O)cc1C,460.0,active
CHEMBL430431,Cc1ccc(CSC[C@@H](NC(=O)[C@H](CS)Cc2ccc3ccccc3c2)C(=O)O)cc1,3100.0,intermediate
CHEMBL51780,O=C(O)CN1C(=O)[C@@H](NC(=O)[C@@H](CS)Cc2ccccc2)CSc2ccccc21,17.0,active
CHEMBL51498,O=C(O)CN1C(=O)[C@@H](NC(=O)[C@@H](CS)Cc2ccccc2)CCc2ccccc21,4.8,active
CHEMBL297792,Cc1ccc(C#Cc2ccc(S(=O)(=O)N[C@H](Cc3c[nH]c4ccccc34)C(=O)O)s2)cc1,1000.0,active
CHEMBL155874,O=C(Nc1ccc(S(=O)(=O)N[C@H](Cc2c[nH]c3ccccc23)C(=O)O)cc1)c1ccc(Br)cc1,1000.0,active
CHEMBL160153,CSc1ccc(-n2nnc(-c3ccc(S(=O)(=O)N[C@@H](C(=O)O)C(C)C)cc3)n2)cc1,1000.0,active
CHEMBL440921,CSc1ccc(-c2ccc(S(=O)(=O)N[C@@H](C(=O)O)C(C)C)cc2)cc1,1000.0,active
CHEMBL345597,O=C(O)[C@@H](Cc1c[nH]c2ccccc12)NS(=O)(=O)c1ccc(-c2nnn(-c3ccccc3)n2)cc1,1000.0,active
CHEMBL345200,Cc1ccc(-c2ccc(S(=O)(=O)N[C@H](Cc3c[nH]c4ccccc34)C(=O)O)s2)cc1,1000.0,active
CHEMBL66254,O=C(N[C@H]1CCCN2CC[C@@H](C(=O)O)N2C1=O)[C@@H](S)Cc1ccccc1,12.0,active
CHEMBL66481,O=C(N[C@H]1CCC(=O)N2CCC[C@@H](C(=O)O)N2C1=O)[C@@H](S)Cc1ccccc1,7.0,active
CHEMBL62417,CCCN1C(=O)CC[C@H](NC(=O)[C@@H](S)Cc2ccccc2)C(=O)N1CC(=O)O,10.0,active
CHEMBL63001,CN1CCC[C@H](NC(=O)[C@@H](S)Cc2ccccc2)C(=O)N1CC(=O)O,16.0,active
CHEMBL304881,CN1C(=O)CC[C@H](NC(=O)[C@@H](S)Cc2ccccc2)C(=O)N1CC(=O)O,16.0,active
CHEMBL305108,O=C(N[C@H]1CCC(=O)N2CC[C@@H](C(=O)O)N2C1=O)[C@@H](S)Cc1ccccc1,20.0,active
CHEMBL61566,CCCN1CCC[C@H](NC(=O)[C@@H](S)Cc2ccccc2)C(=O)N1CC(=O)O,6.0,active
CHEMBL65545,O=C(N[C@H]1CCCN2CCC[C@@H](C(=O)O)N2C1=O)[C@@H](S)Cc1ccccc1,8.0,active
CHEMBL417034,O=C(O)CN1NCCC[C@H](NC(=O)[C@@H](S)Cc2ccccc2)C1=O,60.0,active
CHEMBL28361,C[C@H](NC(=O)[C@@H](N)Cc1ccccc1)C(=O)N1CCC[C@H]1C(=O)O,1400.0,intermediate
CHEMBL342373,CC(NC(C(=O)O)C1CCCN1C(=O)NCC(=O)O)C(=O)N1CCCC1C(=O)O,6.0,active
CHEMBL2111942,C[C@H](N[C@@H](C(=O)O)[C@H](Cc1ccccc1)NC(=O)c1ccccc1)C(=O)N1CCC[C@H]1C(=O)O,1400.0,intermediate
CHEMBL578,CCOC(=O)[C@H](CCc1ccccc1)N[C@@H](C)C(=O)N1CCC[C@H]1C(=O)O,1273.0,intermediate
CHEMBL434617,CC(NC(C(=O)O)C1CCCN1C(=O)NC(CCCCN)C(=O)N1C(=O)CCC1C(=O)O)C(=O)N1CCCC1C(=O)O,8.5,active
CHEMBL136312,CC(NC(C(=O)O)C1CCCN1C(=O)NC(Cc1ccccc1)C(=O)O)C(=O)N1CCCC1C(=O)O,5.4,active
CHEMBL579,C[C@H](N[C@@H](CCc1ccccc1)C(=O)O)C(=O)N1CC2(C[C@H]1C(=O)O)SCCS2,0.8,active
CHEMBL2112769,C[C@H](N[C@H](C(=O)O)[C@H](Cc1ccccc1)NC(=O)c1ccccc1)C(=O)N1CCC[C@H]1C(=O)O,7.7,active
CHEMBL2111940,C[C@H](N[C@H](C[C@H](Cc1ccccc1)NC(=O)c1ccccc1)C(=O)O)C(=O)N1CCC[C@H]1C(=O)O,4.8,active
CHEMBL1592,CCOC(=O)[C@H](CCc1ccccc1)N[C@@H](C)C(=O)N1Cc2ccccc2C[C@H]1C(=O)O,8.3,active
CHEMBL139523,O=C(CCC(=O)N1CCCC1C(=O)O)CCc1ccccc1,2600000.0,inactive
CHEMBL2112767,C[C@H](N[C@@H](CNC(=O)c1ccccc1)C(=O)O)C(=O)N1CCC[C@H]1C(=O)O,17.0,active
CHEMBL2370854,C[C@H](NC(=O)[C@H](Cc1ccccc1)NC(=O)c1ccccc1)C(=O)N1CCC[C@H]1C(=O)O,2700.0,intermediate
CHEMBL2370850,C[C@H](NC(=O)[C@H](Cc1ccccc1)NC(=O)[C@H](CCCCN)NC(=O)[C@@H]1CCC(=O)N1)C(=O)N1CCC[C@H]1C(=O)O,50.0,active
CHEMBL2370859,C[C@H](NC(=O)CCc1ccccc1)C(=O)N1CCC[C@H]1C(=O)O,330000.0,inactive
CHEMBL335997,CC(NC(C(=O)O)C1CCCN1C(=O)c1ccccc1)C(=O)N1CCCC1C(=O)O,2.9,active
CHEMBL2112768,C[C@H](N[C@@H](C[C@H](Cc1ccccc1)NC(=O)c1ccccc1)C(=O)O)C(=O)N1CCC[C@H]1C(=O)O,3.0,active
CHEMBL295690,NCCCC[C@H](N[C@@H](CCc1ccccc1)C(=O)O)C(=O)N1CC2(C[C@H]1C(=O)O)SCCS2,0.5,active
CHEMBL263460,CC(NC(C(=O)O)C1CCCN1C(=O)NC(Cc1ccccc1)C(=O)NC(Cc1ccccc1)C(=O)O)C(=O)N1CCCC1C(=O)O,2.9,active
CHEMBL342652,CC(=O)N1CCCC1C(NC(C)C(=O)N1CCCC1C(=O)O)C(=O)O,9.4,active
CHEMBL2111941,C[C@H](NC(CNC(=O)c1ccccc1)C(=O)O)C(=O)N1CCC[C@H]1C(=O)O,40.0,active
CHEMBL3037879,C[C@H](N[C@H](C(=O)O)[C@@H]1CCCN1)C(=O)N1CCC[C@H]1C(=O)O,700.0,active
CHEMBL415881,CCOC(=O)[C@H](CCc1ccccc1)N[C@@H](CCCCN)C(=O)N1CC2(C[C@H]1C(=O)O)SCCS2,200.0,active
CHEMBL1733,C[C@H](N[C@@H](CCc1ccccc1)C(=O)O)C(=O)N1Cc2ccccc2C[C@H]1C(=O)O,2.9,active
CHEMBL435360,O=C(N[C@@H](Cc1ccccc1)C(=O)CCC(=O)N1CCC[C@H]1C(=O)O)c1ccccc1,12.0,active
CHEMBL412893,CCOC(=O)C(CCc1ccccc1)NC(C)C(=O)N1Cc2ccccc2CC1C(=O)OCC,440.0,active
CHEMBL58480,CC(NC(CCc1ccccc1)C(=O)O)C(=O)N1Cc2ccccc2C1C(=O)O,3.1,active
CHEMBL58042,COc1cc2c(cc1OC)CN(C(=O)C(C)NC(CCc1ccccc1)C(=O)O)C(C(=O)O)C2,3.0,active
CHEMBL62203,CC(CS)C(=O)N1Cc2ccccc2C1C(=O)O,14000.0,inactive
CHEMBL1165,CCOC(=O)[C@H](CCc1ccccc1)N[C@@H](C)C(=O)N1Cc2cc(OC)c(OC)cc2C[C@H]1C(=O)O,56.0,active
CHEMBL58340,CCOC(=O)C(CCc1ccccc1)NC(C)C(=O)N1Cc2cc(OC)c(OC)cc2CC1C(=O)OCc1ccccc1,300.0,active
CHEMBL2115075,CCOC(=O)[C@@H](CCc1ccccc1)N[C@@H](C)C(=O)N1Cc2cc(OC)c(OC)cc2C[C@H]1C(=O)O,1100.0,intermediate
CHEMBL57200,CC(=O)SCC(C)C(=O)N1Cc2ccccc2C1C(=O)O,24000.0,inactive
CHEMBL60702,CCOC(=O)C(CCc1ccccc1)NC(C)C(=O)N1Cc2cc(OC)c(OC)cc2CC1C(=O)OCC,520.0,active
CHEMBL61811,CC(NC(CCc1ccccc1)C(=O)O)C(=O)N1CCc2ccccc2C1C(=O)O,5.8,active
CHEMBL291552,CCOC(=O)C(CCc1ccccc1)N(C)C(C)C(=O)N1Cc2ccccc2CC1C(=O)O,10000.0,inactive
CHEMBL59354,CC(CS)C(=O)N1CCc2ccccc2C1,48000.0,inactive
CHEMBL2114322,CCOC(=O)[C@@H](CCc1ccccc1)N[C@@H](C)C(=O)N1Cc2ccccc2C[C@H]1C(=O)O,200.0,active
CHEMBL57201,CC(=O)SCC(C)C(=O)N1CCc2ccccc2C1C(=O)O,100000.0,inactive
CHEMBL58720,CC(=O)SCC(C)C(=O)N1Cc2ccccc2CC1C(=O)O,130.0,active
CHEMBL2115288,CCOC(=O)[C@H](CCc1ccccc1)N[C@@H](C)C(=O)N1Cc2ccccc2C[C@@H]1C(=O)O,6100.0,intermediate
CHEMBL61916,CC(CS)C(=O)N1CCc2ccccc2C1C(=O)O,58000.0,inactive
CHEMBL57202,CC(=O)SCC(C)C(=O)N1CCc2ccccc2C1,49000.0,inactive
CHEMBL2115478,CCOC(=O)[C@H](CCc1ccccc1)N[C@@H](C)C(=O)N1Cc2ccccc2[C@H]1C(=O)O,44.0,active
CHEMBL2115076,CCOC(=O)[C@H](CCc1ccccc1)N[C@@H](C)C(=O)N1Cc2ccccc2[C@@H]1C(=O)O,1000.0,active
CHEMBL417226,O=C(O)C1c2ccccc2CN1C(=O)CCS,58000.0,inactive
CHEMBL61137,CC(=O)SCCC(=O)N1Cc2ccccc2C1C(=O)O,22000.0,inactive
CHEMBL279737,CC(CS)C(=O)N1Cc2ccccc2CC1C(=O)O,18.0,active
CHEMBL3350318,CCOC(=O)[C@H](CCc1ccccc1)N[C@@H](C)C(=O)N1Cc2cc(OC)c(OC)cc2C[C@@H]1C(=O)O,90000.0,inactive
CHEMBL57338,C[C@H](N)C(=O)N[C@@H](Cc1ccccc1)C(=O)O,190546.07,inactive
CHEMBL91561,NCCCC[C@H](N)C(=O)NCC(=O)O,3235936.57,inactive
CHEMBL292467,NCC(=O)NCC(=O)O,7244359.6,inactive
CHEMBL86518,O=C(O)CN1CCCCCC(NC(CCc2ccccc2)C(=O)O)C1=O,1700.0,intermediate
CHEMBL91090,CC[C@H](C)[C@H](N)C(=O)N[C@@H](Cc1ccc(O)cc1)C(=O)O,3715.35,intermediate
CHEMBL94119,CC[C@H](C)[C@H](N)C(=O)N1CCC[C@@H]1C(=O)O,128824.96,inactive
CHEMBL420061,NCCCC[C@H](NC(=O)CN)C(=O)O,5370317.96,inactive
CHEMBL90069,CC(C)[C@H](N)C(=O)N[C@@H](Cc1ccc(O)cc1)C(=O)O,21877.62,inactive
CHEMBL327608,C[C@H](N)C(=O)N1CCC[C@@H]1C(=O)O,229086.77,inactive
CHEMBL439762,CC(C)[C@H](N)C(=O)N1CCC[C@H]1C(=O)O,416869.38,inactive
CHEMBL80548,NCC(=O)N1CCC[C@H]1C(=O)O,446683.59,inactive
CHEMBL91330,CC[C@H](C)[C@H](N)C(=O)N[C@@H](Cc1ccccc1)C(=O)O,933254.3,inactive
CHEMBL93127,NCC(=O)N[C@@H](Cc1cnc[nH]1)C(=O)O,3090295.43,inactive
CHEMBL90074,C[C@H](NC(=O)[C@@H](N)CCC(=O)O)C(=O)O,10000000.0,inactive
CHEMBL91623,C[C@H](CS)C(=O)N1C[C@H](NC(=O)C(CS)Cc2ccccc2)C[C@H]1C(=O)O,18.0,active
CHEMBL541207,CC(C)C[C@H](N)C(=O)N[C@@H](C)C(=O)O,309029.54,inactive
CHEMBL420983,C[C@@H](O)[C@H](NC(=O)CN)C(=O)O,5754399.37,inactive
CHEMBL56035,CC(C)[C@H](NC(=O)CN)C(=O)O,4570881.9,inactive
CHEMBL329801,C[C@H](N[C@@H](CCc1ccccc1)C(=O)O)C(=O)N1C[C@@H](NC(=O)NC(CS)Cc2ccccc2)C[C@H]1C(=O)O,43.0,active
CHEMBL89956,N[C@@H](Cc1ccc(O)cc1)C(=O)NCC(=O)O,1995262.31,inactive
CHEMBL85175,O=C(O)CN1CCCCC(NC(CCc2ccccc2)C(=O)O)C1=O,700.0,active
CHEMBL2114219,O=C(O)CN1CCCCC[C@H](N[C@@H](CCc2ccccc2)C(=O)O)C1=O,2.0,active
CHEMBL88328,C[C@H](N[C@@H](CCc1ccccc1)C(=O)O)C(=O)N1C[C@H](NC(=O)C(CS)Cc2ccccc2)C[C@H]1C(=O)O,253.0,active
CHEMBL56119,CC(C)C[C@H](NC(=O)CN)C(=O)O,2511886.43,inactive
CHEMBL330552,CSCC[C@H](NC(=O)CN)C(=O)O,1412537.54,inactive
CHEMBL94250,C[C@H](N)C(=O)NCC(=O)O,2511886.43,inactive
CHEMBL90610,N[C@@H](CO)C(=O)NCC(=O)O,8511380.38,inactive
CHEMBL91392,NCC(=O)N[C@@H](CC(=O)O)C(=O)O,9120108.39,inactive
CHEMBL414828,C[C@H](N)C(=O)N1CCC[C@H]1C(=O)O,42000.0,inactive
CHEMBL328594,C[C@H](O)[C@H](N)C(=O)NCC(=O)O,10000000.0,inactive
CHEMBL314707,NC1CCCN(CC(=O)O)C1=O,1700000.0,inactive
CHEMBL422419,C[C@H](N[C@@H](CCc1ccccc1)C(=O)O)C(=O)N1C[C@H](OC(=O)NC(CS)Cc2ccccc2)C[C@H]1C(=O)O,506.0,active
CHEMBL17697,C[C@H](N)C(=O)N[C@@H](C)C(=O)O,616595.0,inactive
CHEMBL314706,O=C(O)CN1CCCC(NC(CCc2ccccc2)C(=O)O)C1=O,430.0,active
CHEMBL84966,NC1CCCCCN(CC(=O)O)C1=O,440000.0,inactive
CHEMBL93178,C[C@H](NC(=O)[C@@H](N)CCCCN)C(=O)O,380189.4,inactive
CHEMBL330038,NCC(=O)N[C@@H](CCC(N)=O)C(=O)O,7079457.84,inactive
CHEMBL17503,C[C@H](NC(=O)[C@@H](N)CC(=O)O)C(=O)O,3801893.96,inactive
CHEMBL299889,NCC(=O)N[C@@H](Cc1ccccc1)C(=O)O,630957.34,inactive
CHEMBL56923,CC[C@H](C)[C@H](N)C(=O)N[C@@H](Cc1c[nH]c2ccccc12)C(=O)O,1995.26,intermediate
CHEMBL92255,NC(N)=NCCC[C@H](N)C(=O)N[C@@H](Cc1ccccc1)C(=O)O,229086.77,inactive
CHEMBL53400,NCC(=O)N[C@@H](Cc1ccc(O)cc1)C(=O)O,208929.61,inactive
CHEMBL327588,N[C@@H](Cc1c[nH]c2ccccc12)C(=O)NCC(=O)O,5888436.55,inactive
CHEMBL91792,C[C@H](N)C(=O)N[C@@H](Cc1c[nH]c2ccccc12)C(=O)O,10000.0,inactive
CHEMBL96806,NCC(=O)N[C@@H](CCCN=C(N)N)C(=O)O,3235936.57,inactive
CHEMBL316103,C[C@H](NC(=O)[C@@H](N)Cc1ccc(O)cc1)C(=O)O,457088.19,inactive
CHEMBL90972,CSCC[C@H](N)C(=O)NCC(=O)O,4786300.92,inactive
CHEMBL86891,O=C(O)CN1CCC(NC(CCc2ccccc2)C(=O)O)C1=O,12000.0,inactive
CHEMBL312918,C[C@H](N[C@@H](CCc1ccccc1)C(=O)O)C(=O)N1C[C@@H](NC(=O)C(CS)Cc2ccccc2)C[C@H]1C(=O)O,42.0,active
CHEMBL3350294,O=C(O)CN1CCCCC[C@@H](N[C@H](CCc2ccccc2)C(=O)O)C1=O,92.0,active
CHEMBL94016,C[C@H](N)C(=O)N[C@@H](Cc1ccc(O)cc1)C(=O)O,87096.36,inactive
CHEMBL55433,CC[C@H](C)[C@H](NC(=O)CN)C(=O)O,1202264.43,inactive
CHEMBL89547,C[C@H](CS)C(=O)N1C[C@@H](NC(=O)C(CS)Cc2ccc(-c3ccccc3)cc2)C[C@H]1C(=O)O,696.0,active
CHEMBL91777,CC(C)[C@H](N)C(=O)N[C@@H](Cc1c[nH]c2ccccc12)C(=O)O,1584.89,intermediate
CHEMBL91160,NC(N)=NCCC[C@H](N)C(=O)N[C@@H](Cc1c[nH]c2ccccc12)C(=O)O,15848.93,inactive
CHEMBL86915,O=C(O)CN1CCCCCCC(NC(CCc2ccccc2)C(=O)O)C1=O,1300.0,intermediate
CHEMBL8486,CC(C)[C@H](N)C(=O)N[C@@H](Cc1ccccc1)C(=O)O,52480.75,inactive
CHEMBL314532,NCC(=O)N[C@@H](CCC(=O)O)C(=O)O,5370317.96,inactive
CHEMBL328327,C[C@H](CS)C(=O)N1C[C@@H](NC(=O)C(CS)Cc2ccccc2)C[C@H]1C(=O)O,87.0,active
CHEMBL291636,N=C(N)NCCC[C@H](NC(=O)[C@@H](N)Cc1ccccc1)C(=O)O,912010.84,inactive
CHEMBL421171,N[C@@H](CC(=O)O)C(=O)NCC(=O)O,14125375.45,inactive
CHEMBL330316,C[C@H](CS)C(=O)N1C[C@@H](NC(=O)NC(CS)Cc2ccccc2)C[C@H]1C(=O)O,147.0,active
CHEMBL299759,NCC(=O)N[C@@H](Cc1c[nH]c2ccccc12)C(=O)O,30199.52,inactive
CHEMBL91241,C[C@H](NC(=O)CN)C(=O)O,1995262.31,inactive
CHEMBL90452,N[C@@H](Cc1c[nH]cn1)C(=O)NCC(=O)O,6309573.44,inactive
CHEMBL90260,CC(C)C[C@H](NC(=O)[C@@H](N)Cc1c[nH]cn1)C(=O)O,3235936.57,inactive
CHEMBL316374,NC1CCCCN(CC(=O)O)C1=O,480000.0,inactive
CHEMBL90670,NC(=O)CC[C@H](N)C(=O)NCC(=O)O,7413102.41,inactive
CHEMBL328471,C[C@H](NC(=O)[C@@H](N)CCCN=C(N)N)C(=O)O,457088.19,inactive
CHEMBL55711,CC(C)C[C@H](N)C(=O)NCC(=O)O,8709635.9,inactive
CHEMBL421361,N[C@@H](CCC(=O)O)C(=O)NCC(=O)O,10000000.0,inactive
CHEMBL90575,NC(N)=NCCC[C@H](N)C(=O)N1CCC[C@@H]1C(=O)O,181970.09,inactive
CHEMBL301546,CC(C)[C@H](N)C(=O)NCC(=O)O,1096478.2,inactive
CHEMBL301979,CC[C@H](C)[C@H](N)C(=O)NCC(=O)O,1202264.43,inactive
CHEMBL90973,NCC(=O)N[C@@H](CO)C(=O)O,3801893.96,inactive
CHEMBL59426,O=C(O)CNC(=O)[C@@H]1CCCN1,16982436.52,inactive
CHEMBL10521,CC(CC(=O)C(Cc1ccccc1)NC(=O)C(CCCCN)NC(=O)C1CCC1)C(=O)N1CCCC1C(=O)O.O=C(O)C(F)(F)F,3.0,active
CHEMBL108606,CC(C)CCC(NC(C)C(=O)N1CCCC1C(=O)O)C(=O)O,7.943,active
CHEMBL110925,CC(NC(CCC(=O)Nc1ccc(I)cc1)C(=O)O)C(=O)N1CCCC1C(=O)O,0.7943,active
CHEMBL107700,CC(NC(=O)C1CCCCC1S)C(=O)N1CCCC1C(=O)O,10.0,active
CHEMBL105790,CC1(CS)C(=O)N2CCCC(C(=O)O)N2C1=O,3162.28,intermediate
CHEMBL321012,O=C(O)C1CCCN1C(=O)C1CCCC1S,125.89,active
CHEMBL80906,O=C(O)CN1C(=O)C(NC(CCc2ccccc2)C(=O)O)CCc2ccccc21,10.0,active
CHEMBL105890,NCCCCC(NC(CCc1ccccc1)C(=O)O)C(=O)N1CCCC1C(=O)O,3.981,active
CHEMBL10247,O=C(O)CNC(=O)C(CS)Cc1ccccc1,316.23,active
CHEMBL109178,CC(OP(=O)(O)C(CCc1ccccc1)NC(=O)c1ccccc1)C(=O)N1CCCC1C(=O)O,39.81,active
CHEMBL107635,O=C(O)CCc1cc(O)c2n(c1=O)C(C(=O)O)CC2,31.62,active
CHEMBL10465,O=C(NC(Cc1ccccc1)C(=O)CCC(=O)N1CCCC1C(=O)O)c1ccccc1,10.0,active
CHEMBL62955,CC(NP(=O)(O)CCc1ccccc1)C(=O)N1CCCC1C(=O)O,25.12,active
CHEMBL105971,CC(NC(CCc1cccc2ccccc12)C(=O)O)C(=O)N1CCCC1C(=O)O,3.162,active
CHEMBL41289,CC(C)CC(NP(=O)(O)OC1OC(C)C(O)C(O)C1O)C(=O)NC(Cc1c[nH]c2ccccc12)C(=O)O,5.012,active
CHEMBL325544,O=C(O)C1CCCN2C(=O)CC(CS)C(=O)N12,125.89,active
CHEMBL110870,CC(NP(=O)(O)O)C(=O)C1CCCC1C(=O)O,5.012,active
CHEMBL108988,O=C(O)C1CC2(CN1C(=O)CP(=O)(O)CCCCc1ccccc1)SCCS2,12.59,active
CHEMBL110375,CC(CS)C(=O)N1C(=O)CCC1C(=O)O,31.62,active
CHEMBL110439,CC1CCCC(NC(CCc2ccccc2)C(=O)O)C(=O)N1CC(=O)O,10.0,active
CHEMBL38405,O=C(O)CC(=O)NC(CS)Cc1ccccc1,1000000000.0,inactive
CHEMBL323051,O=C(O)C1CCC(=O)N1CCCS,1000000000.0,inactive
CHEMBL322266,O=C(O)C(CCc1ccccc1)NC1CCCC2SCC(C(=O)O)N2C1=O,1.995,active
CHEMBL106193,O=C(O)C1CCCN1C(=O)C1CCC1S,158.49,active
CHEMBL111578,O=C(SC1CCCC1C(=O)N1CCCC1C(=O)O)c1ccccc1,63.1,active
CHEMBL326902,O=C(O)Cn1c(=O)n2n(c1=O)C(C(=O)O)C=CC2,3.162,active
CHEMBL322291,O=C(O)C1C=CCn2c(=O)n(CS)c(=O)n21,2511.89,intermediate
CHEMBL23849,CC(CS)C(=O)N1c2ccccc2CC1C(=O)O,12.59,active
CHEMBL110444,O=C(O)C1CSC(c2ccccc2O)N1C(=O)CCS,19.95,active
CHEMBL172787,CC(C)C(C(=O)NC(Cc1ccc(O)cc1)C(=O)O)C(S)CCc1ccccc1,4500.0,intermediate
CHEMBL174237,CC(C)C[C@@H](S)[C@H](Cc1ccccc1)C(=O)N[C@@H](C)C(=O)O,5000.0,intermediate
CHEMBL174066,CCCCC(NC(=O)C(Cc1ccccc1)C(C)S)C(=O)NC(Cc1ccc(O)cc1)C(=O)O,6100.0,intermediate
CHEMBL44139,CCC[C@H](N[C@H]1CCc2ccccc2N(CC(=O)O)C1=O)C(=O)O,6.0,active
CHEMBL367174,CC(C)CC(S)CC(=O)NC(Cc1ccccc1)C(=O)NC(Cc1ccc(O)cc1)C(=O)O,2800.0,intermediate
CHEMBL289267,O=C(O)CN1C(=O)[C@@H](N[C@@H](CSCc2ccccc2)C(=O)O)CCc2ccccc21,2.9,active
CHEMBL176960,CC(C)C(NC(=O)C(Cc1ccccc1)C(C)S)C(=O)NC(Cc1ccc(O)cc1)C(=O)O,1300.0,intermediate
CHEMBL38613,O=C(O)CN1C(=O)[C@@H](N[C@@H](CSc2ccccc2)C(=O)O)CCc2ccccc21,4.0,active
CHEMBL175110,O=C(O)C(Cc1ccc(O)cc1)NC(=O)C(Cc1ccccc1)C(S)CCc1ccccc1,1600.0,intermediate
CHEMBL417169,CCOC(=O)[C@H](CCCCN)N[C@H]1CCc2ccccc2N(CC(=O)O)C1=O,40.0,active
CHEMBL171850,CC(C)CC(S)C(Cc1ccccc1)C(=O)NC(Cc1ccc(O)cc1)C(=O)O,710.0,active
CHEMBL290802,O=C(O)CN1C(=O)[C@@H](N[C@@H](Cc2ccccc2)C(=O)O)CCc2ccccc21,8.5,active
CHEMBL290328,COC(=O)[C@H](CC(C)C)N[C@H]1CCc2ccccc2N(CC(=O)O)C1=O,1000.0,active
CHEMBL296331,CCOC(=O)[C@H](Cc1c[nH]c2ccccc12)N[C@H]1CCc2ccccc2N(CC(=O)O)C1=O,540.0,active
CHEMBL172978,CCC(C)C(NC(=O)C(Cc1ccccc1)C(C)S)C(=O)NC(Cc1ccc(O)cc1)C(=O)O,300.0,active
CHEMBL40806,CC(C)C[C@H](N[C@H]1CCc2ccccc2N(CC(=O)O)C1=O)C(=O)O,45.0,active
CHEMBL55286,CC(C)CC(S)C(Cc1ccccc1)C(=O)NC(C)C(=O)O,12000.0,inactive
CHEMBL44077,O=C(O)CN1C(=O)[C@@H](N[C@@H](Cc2c[nH]c3ccccc23)C(=O)O)CCc2ccccc21,13.0,active
CHEMBL173919,CC(C)CC(S)[C@H](Cc1ccccc1)C(=O)N[C@@H](C)C(=O)O,4000.0,intermediate
CHEMBL289618,CCOC(=O)[C@H](CCCCNC(=O)OCc1ccccc1)N[C@H]1CCc2ccccc2N(CC(=O)O)C1=O,15.0,active
CHEMBL416979,CSCC[C@H](N[C@H]1CCc2ccccc2N(CC(=O)O)C1=O)C(=O)O,6.5,active
CHEMBL432689,O=C(O)CN1C(=O)[C@@H](N[C@@H](CCCCNC(=O)OCc2ccccc2)C(=O)O)CCc2ccccc21,13.0,active
CHEMBL42683,O=C(O)CN1C(=O)[C@@H](N[C@@H](COCc2ccccc2)C(=O)O)CCc2ccccc21,10.0,active
CHEMBL40420,CC(C)(C)OC(=O)NCCCC[C@H](N[C@H]1CCc2ccccc2N(CC(=O)O)C1=O)C(=O)O,4.0,active
CHEMBL42976,O=C(O)CN1C(=O)[C@@H](N[C@@H](CSCCc2ccccc2)C(=O)O)CCc2ccccc21,7.0,active
CHEMBL366937,CC(S)C(Cc1ccccc1)C(=O)NCC(=O)O,11000.0,inactive
CHEMBL430554,NCCCC[C@H](N[C@H]1CCc2ccccc2N(CC(=O)O)C1=O)C(=O)O,7.0,active
CHEMBL41985,CCCC[C@H](N[C@H]1CCc2ccccc2N(CC(=O)O)C1=O)C(=O)O,5.0,active
CHEMBL40709,CCCC[C@H](N[C@H]1CCc2ccccc2N(CC(=O)O)C1=O)C(=O)OCC,2600.0,intermediate
CHEMBL54601,CC(NC(=O)C(Cc1ccccc1)C(S)CCc1ccccc1)C(=O)O,4000.0,intermediate
CHEMBL173287,CC(C)CC(S)CC(=O)NC(Cc1ccccc1)C(=O)O,10000.0,inactive
CHEMBL2110258,CC(C)C[C@H](S)[C@H](Cc1ccccc1)C(=O)N[C@@H](C)C(=O)O,10000.0,inactive
CHEMBL2110347,CC(C)C[C@H](S)[C@@H](Cc1ccccc1)C(=O)N[C@@H](C)C(=O)O,16100.0,inactive
CHEMBL114658,CC1(C)CCCC(NC(=O)[C@@H](S)Cc2ccccc2)C(=O)N1CC(=O)O,12.0,active
CHEMBL1519,CCOC(=O)[C@H](CCc1ccccc1)N[C@@H](C)C(=O)N1[C@H](C(=O)O)C[C@H]2CCCC[C@@H]21,0.93,active
CHEMBL1168,CCOC(=O)[C@H](CCc1ccccc1)N[C@@H](C)C(=O)N1[C@H](C(=O)O)C[C@@H]2CCC[C@@H]21,4.0,active
CHEMBL431210,CCCC[C@H](CN(O)C=O)C(=O)N[C@H](C(=O)N(C)C)C(C)(C)C,100000.0,inactive
CHEMBL113759,O=C(O)C(CCc1ccccc1)N[C@@H](Cc1ccccc1)C(=O)NC[C@H](O)C(=O)O,10000.0,inactive
CHEMBL838,CCOC(=O)[C@H](CCc1ccccc1)N[C@H]1CCc2ccccc2N(CC(=O)O)C1=O,1.7,active
CHEMBL298827,O=C(O)CNC(=O)[C@@H](CS)Cc1ccccc1,860.0,active
CHEMBL3039598,CCC(=O)O[C@@H](O[P@](=O)(CCCCc1ccccc1)CC(=O)N1C[C@H](C2CCCCC2)C[C@H]1C(=O)O)C(C)C,1.0,active
CHEMBL331378,C[C@H](CSC(=O)c1ccccc1)C(=O)N1C[C@@H](Sc2ccccc2)C[C@H]1C(=O)O,0.4,active
CHEMBL191,CCCCc1nc(Cl)c(CO)n1Cc1ccc(-c2ccccc2-c2nnn[nH]2)cc1,19.0,active
CHEMBL308333,CCCCC[C@H](CC(=O)NO)C(=O)N[C@H](C(=O)N1CCC[C@H]1CO)C(C)C,100000.0,inactive
CHEMBL325056,O=C(NC1CCC[C@H]2CCC[C@@H](C(=O)O)N2C1=O)[C@@H](S)Cc1ccccc1,5.0,active
CHEMBL310750,O=C(O)CCn1c(=O)n2n(c1=O)[C@H](C(=O)O)C=CC2,1.0,active
CHEMBL445561,CSC1(SC)C[C@@H](C(=O)O)N(C(=O)[C@H](CCCCN)OP(=O)(O)CCCCc2ccccc2)C1,2.57,active
CHEMBL80147,C[C@H](NCCCc1ccccc1)C(=O)N1CCC[C@H]1C(=O)O,5754.4,intermediate
CHEMBL310869,NC(Cc1ccccc1)C(=O)N[C@H](CCC(=O)N1[C@H](C(=O)O)C[C@@H]2CCCC[C@@H]21)C(=O)O,100.0,active
CHEMBL309914,CC(S)C(=O)N[C@@H](CS)C(=O)O,537031.8,inactive
CHEMBL420391,NCCCCC(NC(=O)OCc1ccccc1)C(=O)N[C@H](CCC(=O)N1CCC[C@H]1C(=O)O)C(=O)O,12.02,active
CHEMBL277270,O=C(O)[C@@H]1CC2(CN1C(=O)CP(=O)(O)CCCCc1ccccc1)SCCS2,3.981,active
CHEMBL309601,C[C@H](NP(=O)(O)CCc1ccccc1)C(=O)N1CCC[C@H]1C(=O)O,7.079,active
CHEMBL80729,O=C(O)CCC(=O)CCS,2398.83,intermediate
CHEMBL65423,C[C@H](NCC(=O)O)C(=O)N1CCC[C@H]1C(=O)O,2398.83,intermediate
CHEMBL312431,C[C@H](NC(C(=O)O)C1CCCN1C(=O)c1ccccc1)C(=O)N1CCC[C@H]1C(=O)O,2.884,active
CHEMBL77056,C[C@H](NC(=O)CCC(=O)O)C(=O)O,1348962.88,inactive
CHEMBL78341,C[C@H](NC(CCc1ccccc1)C(=O)O)C(=O)N(CC(=O)O)C1Cc2ccccc2C1,39.81,active
CHEMBL35561,NCCCC[C@H](OP(=O)(O)CCCCc1ccccc1)C(=O)N(CC(=O)O)c1ccc2c(c1)OCO2,0.1148,active
CHEMBL1907754,CCOC(=O)C(CCc1ccccc1)SC(C)C(=O)N1Cc2ccccc2C[C@H]1C(=O)O,460.0,active
CHEMBL80101,O=C(O)CCC(=O)N[C@@H](Cc1ccccc1)C(=O)O,549540.87,inactive
CHEMBL36503,NCCCC[C@H](OP(=O)(O)CCCCc1ccccc1)C(=O)N1CCC[C@H]1C(=O)O,36.31,active
CHEMBL80240,Cc1ccc(N(CC(=O)O)C(=O)C(C)N)cc1,2570.4,intermediate
CHEMBL311471,CCN(C[C@H](CCc1ccccc1)C(=O)O)C(=O)N1Cc2ccccc2C[C@H]1C(=O)O,6.457,active
CHEMBL611148,C[C@@H](CS)C(=O)N1c2ccccc2C[C@H]1C(=O)O,6.026,active
CHEMBL431983,O=C(O)[C@@H]1CCCN1C(=O)C1CCCC1S,64.57,active
CHEMBL305938,O=C(O)[C@H]1CCCN1C(=O)CCS,1819700.86,inactive
CHEMBL77446,O=C(O)C(CCc1ccccc1)N[C@H]1CCN2CCC[C@@H](C(=O)O)N2C1=O,56.23,active
CHEMBL2079671,CCOC(=O)[C@H](CCc1ccccc1)N[C@@H](C)C(=O)N1C2CCCCC2C[C@H]1C(=O)O,100.0,active
CHEMBL79190,O=C(O)[C@@H]1CCCN2C(=O)C[C@@H](CS)C(=O)N12,70.79,active
CHEMBL287518,NCCCC[C@H](OP(=O)(O)CCCCc1ccccc1)C(=O)N1C[C@H](C2CCCCC2)C[C@H]1C(=O)O,3.236,active
CHEMBL309799,CC(S)C(=O)N[C@@H](Cc1c[nH]c2ccccc12)C(=O)O,64.57,active
CHEMBL284843,NCCCC[C@H](OP(=O)(O)CCCCc1ccccc1)C(=O)N1C[C@@H](Cc2ccccc2)C[C@H]1C(=O)O,0.8913,active
CHEMBL310841,O=C(NC(Cc1ccccc1)CP(=O)(O)CC(=O)N1CCC[C@H]1C(=O)O)c1ccccc1,10.0,active
CHEMBL80667,O=C(CCS)OC(Cc1ccccc1)C(=O)O,707.95,active
CHEMBL284494,CCOC(=O)C(CCc1ccccc1)OC(C)C(=O)N1CCCC1C(=O)O,220.0,active
CHEMBL77556,C[C@@H](NC(=O)C(S)Cc1ccccc1)C(=O)N1CCC[C@H]1C(=O)O,50.12,active
CHEMBL80304,O=C(O)CCNC(=O)CCS,489778.82,inactive
CHEMBL78340,CC(C)CCC(N[C@@H](C)C(=O)N1CCC[C@H]1C(=O)O)C(=O)O,2.57,active
CHEMBL80981,CC(C)(S)C(=O)N[C@@H](Cc1c[nH]c2ccccc12)C(=O)O,38018.94,inactive
CHEMBL34832,NCCCC[C@H](OP(=O)(O)CCCCc1ccccc1)C(=O)N1C[C@@H](Sc2ccccc2)C[C@H]1C(=O)O,0.5248,active
CHEMBL78629,O=C(NC(Cc1ccccc1)C(=O)N[C@H](CCC(=O)N1c2ccccc2C[C@H]1C(=O)O)C(=O)O)OCc1ccccc1,0.2512,active
CHEMBL284345,NCCCC[C@H](OP(=O)(O)CCCCc1ccccc1)C(=O)N(CC(=O)O)c1ccccc1,1.072,active
CHEMBL10962,O=C(O)[C@@H]1CCCN1C(=O)CCS,199.53,active
CHEMBL78953,C[C@@H](N)C(=O)N[C@@H](Cc1ccccc1)C(=O)O,190546.07,inactive
CHEMBL80242,O=C(O)C[C@H](NC(=O)CS)C(=O)O,77624.71,inactive
CHEMBL263556,O=C(O)[C@@H]1CCCN1C(=O)CP(=O)(O)O,8317.64,intermediate
CHEMBL312550,O=C(O)[C@@H]1CCCN1C(=O)CCP(=O)(O)O,47863.01,inactive
CHEMBL284734,NCCCC[C@H](OP(=O)(O)CCCCc1ccccc1)C(=O)N1c2ccccc2C[C@H]1C(=O)O,0.2951,active
CHEMBL1907760,CCOC(=O)C(CCc1ccccc1)SC(C)C(=O)N1C2CCCCC2C[C@H]1C(=O)O,2000.0,intermediate
CHEMBL80665,C[C@H](NC(CCC(=O)Nc1ccc(I)cc1)C(=O)O)C(=O)N1CCC[C@H]1C(=O)O,0.2291,active
CHEMBL79016,C[C@H](NC(=O)CCS)C(=O)N1CCC[C@H]1C(=O)O,2570.4,intermediate
CHEMBL80779,C[C@H](NC(CCc1cccc2ccccc12)C(=O)O)C(=O)N1CCC[C@H]1C(=O)O,1.096,active
CHEMBL412666,NC(CS)C(=O)N1CCC[C@H]1C(=O)O,63.1,active
CHEMBL34650,NCCCC[C@H](OP(=O)(O)CCCCc1ccccc1)C(=O)N1CC2(C[C@H]1C(=O)O)SCCS2,0.631,active
CHEMBL309333,O=C(CCS)N[C@@H](CS)C(=O)O,67608.3,inactive
CHEMBL79189,C[C@H](CS)C(=O)N1Cc2ccccc2C[C@H]1C(=O)O,19.95,active
CHEMBL78805,C[C@H](CC(=O)O)C(=O)N1CCC[C@H]1C(=O)O,10232.93,inactive
CHEMBL78780,C[C@H](CCC(=O)O)C(=O)N1CCC[C@H]1C(=O)O,4897.79,intermediate
CHEMBL311064,O=C(CCS)N[C@@H](Cc1c[nH]c2ccccc12)C(=O)O,1000000.0,inactive
CHEMBL80657,CN(C(=O)CCS)[C@@H](Cc1ccccc1)C(=O)O,30902.95,inactive
CHEMBL80646,C[C@H](NC(CCc1ccccc1)P(=O)(O)O)C(=O)N1CCC[C@H]1C(=O)O,51.29,active
CHEMBL78489,CC(CS)C(=O)N[C@@H](Cc1c[nH]c2ccccc12)C(=O)O,34.67,active
CHEMBL310764,CC(C)[C@H](NC(=O)CCC(=O)O)C(=O)O,1096478.2,inactive
CHEMBL78435,O=C(O)[C@@H]1CCCN1C(=O)C1CCC1S,48.98,active
CHEMBL312120,O=C(CS)N[C@@H](Cc1c[nH]c2ccccc12)C(=O)O,758.58,active
CHEMBL289022,CS[C@@H]1C[C@@H](C(=O)O)N(C(=O)[C@H](CCCCN)OP(=O)(O)CCCCc2ccccc2)C1,0.5248,active
CHEMBL419649,C[C@H](CC(CCc1ccccc1)C(=O)O)C(=O)N1c2ccccc2C[C@H]1C(=O)O,4.786,active
CHEMBL78385,COP(=O)(O)C(CCc1ccccc1)N[C@@H](C)C(=O)N1CCC[C@H]1C(=O)O,436.52,active
CHEMBL25996,CCOC(=O)C(CCc1ccccc1)SC(C)C(=O)N1CCCC1C(=O)O,2900.0,intermediate
CHEMBL1907759,CCOC(=O)C(CCc1ccccc1)SC(C)C(=O)N1CSC[C@@H]1C(=O)O,4800.0,intermediate
CHEMBL25782,CCOC(=O)C(CCc1ccccc1)OC(C)C(=O)N1Cc2ccccc2CC1C(=O)O,14.0,active
CHEMBL308267,O=C(O)CCc1cc(O)c2n(c1=O)[C@H](C(=O)O)CC2,457.09,active
CHEMBL286339,NCCCC[C@H](OP(=O)(O)CCCCc1ccccc1)C(=O)N1C[C@@H](C2CCCCC2)C[C@H]1C(=O)O,0.4898,active
CHEMBL78726,C[C@H](NC(CCc1ccc(O)cc1)C(=O)O)C(=O)N1CCC[C@H]1C(=O)O,2.818,active
CHEMBL78440,C[C@H](NC(=O)CCS)C(=O)O,851.14,active
CHEMBL78998,O=C(O)CCCCCS,1096478.2,inactive
CHEMBL311316,CC(C)(C)OC(=O)[C@@H]1CCCN1C(=O)CCS,38904.51,inactive
CHEMBL310139,N[C@@H](Cc1ccccc1)C(=O)N[C@H](CCC(=O)N1[C@H](C(=O)O)C[C@@H]2CCCC[C@@H]21)C(=O)O,218.78,active
CHEMBL306117,O=C(O)CCC(=O)NCC(=O)O,1995262.31,inactive
CHEMBL309782,CC(C)C[C@H](NC(=O)CCC(=O)O)C(=O)O,616595.0,inactive
CHEMBL285935,NCCCC[C@H](OP(=O)(O)CCCCc1ccccc1)C(=O)N(CC(=O)O)C1CCCCC1,0.2951,active
CHEMBL79212,C[C@H](NC(CCN)C(=O)O)C(=O)N1CCC[C@H]1C(=O)O,323.59,active
CHEMBL1807684,CC[C@H](C)[C@H](N)C(=O)N1CCC[C@H]1C(=O)O,128824.96,inactive
CHEMBL311988,CC(C(=O)O)C1CCCCC(CS)C1=O,52.48,active
CHEMBL311239,O=C(CCS)N[C@@H](Cc1c[nH]cn1)C(=O)O,229086.77,inactive
CHEMBL2079670,C[C@H](N[C@@H](CCc1ccccc1)C(=O)O)C(=O)N1C2CCCCC2C[C@H]1C(=O)O,260.0,active
CHEMBL309962,O=C(O)[C@@H]1CS[C@H](c2ccccc2O)N1C(=O)CCS,3.715,active
CHEMBL78443,C[C@H](NP(=O)(O)O)C(=O)N1CCC[C@H]1C(=O)O,776.25,active
CHEMBL312094,O=C(CCS)N[C@@H](Cc1ccccc1)C(=O)O,426.58,active
CHEMBL78346,C[C@H](NC(CCc1ccccc1)C(=O)O)C(=O)N1CC2CCCCC2[C@H]1C(=O)O,2.188,active
CHEMBL78731,C[C@H](NC(CCC(=O)Nc1ccccc1)C(=O)O)C(=O)N1CCC[C@H]1C(=O)O,5.248,active
CHEMBL306556,O=C(O)[C@@H]1C=CCN1C(=O)CCS,645.65,active
CHEMBL430630,NCCCCC(N)C(=O)N[C@H](CCC(=O)N1[C@H](C(=O)O)C[C@@H]2CCCC[C@@H]21)C(=O)O,12.02,active
CHEMBL310578,O=C(O)CCC(=O)N1CCC[C@H]1C(=O)O,33113.11,inactive
CHEMBL309308,NCCC[C@H](NC(CCc1ccccc1)C(=O)O)C(=O)N1CCC[C@H]1C(=O)O,2.188,active
CHEMBL431707,NCCCC[C@H](OP(=O)(O)CCCCc1ccccc1)C(=O)N1C[C@H](Sc2ccccc2)C[C@H]1C(=O)O,0.7762,active
CHEMBL33025,NCCCC[C@H](OP(=O)(O)CCCCc1ccccc1)C(=O)N1C[C@H](O)C[C@H]1C(=O)O,0.871,active
CHEMBL284898,CCOC(=O)C(CCc1ccccc1)OC(C)C(=O)N1C(C(=O)O)CC2CCCCC21,24.0,active
CHEMBL26226,CC(OC(CCc1ccccc1)C(=O)O)C(=O)N1Cc2ccccc2CC1C(=O)O,86.0,active
CHEMBL80193,C[C@H](NC(CCc1ccccc1)C(N)=O)C(=O)N1CCC[C@H]1C(=O)O,25703.96,inactive
CHEMBL78996,CC(NC(=O)OCc1ccccc1)C(=O)N[C@H](CCC(=O)N1CCC[C@H]1C(=O)O)C(=O)O,389.05,active
CHEMBL80384,O=C(CS)N[C@@H](CS)C(=O)O,19054.61,inactive
CHEMBL80503,O=C(N[C@H](CCC(=O)N1CCC[C@H]1C(=O)O)C(=O)O)C1CCCN1C(=O)OCc1ccccc1,2511.89,intermediate
CHEMBL79008,CCC(C)[C@H](NC(=O)CCC(=O)O)C(=O)O,1047128.55,inactive
CHEMBL1907755,CC(SC(CCc1ccccc1)C(=O)O)C(=O)N1C2CCCCC2C[C@H]1C(=O)O,140.0,active
CHEMBL78971,CC[C@@H](C)[C@H](C)C(=O)N[C@@H](Cc1ccccc1)C(=O)O,933254.3,inactive
CHEMBL284272,NCCCC[C@H](OP(=O)(O)CCCCc1ccccc1)C(=O)N1C[C@H](c2ccccc2)C[C@H]1C(=O)O,338.84,active
CHEMBL309537,O=C(O)[C@@H]1CCCN1CCCS,239883.29,inactive
CHEMBL1907762,CC(SC(CCc1ccccc1)C(=O)O)C(=O)N1CCC[C@H]1C(=O)O,580.0,active
CHEMBL311363,C[C@@H]1CCCC(NC(CCc2ccccc2)C(=O)O)C(=O)N1CC(=O)O,3.02,active
CHEMBL35309,NCCCC[C@H](OP(=O)(O)CCCCc1ccccc1)C(=O)N1C[C@@H](c2ccccc2)C[C@H]1C(=O)O,0.1318,active
CHEMBL35682,COc1ccc(N(CC(=O)O)C(=O)[C@H](CCCCN)OP(=O)(O)CCCCc2ccccc2)cc1OC,0.2884,active
CHEMBL1907752,CCOC(=O)C(CCc1ccccc1)[S+]([O-])C(C)C(=O)N1C2CCCCC2C[C@H]1C(=O)O,220.0,active
CHEMBL433442,CS[C@H]1C[C@@H](C(=O)O)N(C(=O)[C@H](CCCCN)OP(=O)(O)CCCCc2ccccc2)C1,1.905,active
CHEMBL311102,O=C(CS)N[C@@H](Cc1c[nH]cn1)C(=O)O,257039.58,inactive
CHEMBL442750,O=C(O)[C@@H]1CCC(=O)N1CCCS,645654.23,inactive
CHEMBL79131,C[C@H](NP(=O)(O)OCc1ccccc1)C(=O)N1CCC[C@H]1C(=O)O,40.74,active
CHEMBL80830,CC(C)(S)C(=O)N[C@@H](CS)C(=O)O,7244359.6,inactive
CHEMBL78903,C[C@@]1(CCS)C(=O)N2CC=C[C@@H](C(=O)O)N2C1=O,100.0,active
CHEMBL311757,NCCCCC(NC(=O)OCc1ccccc1)C(=O)N[C@H](CCC(=O)N1[C@H](C(=O)O)C[C@@H]2CCCC[C@@H]21)C(=O)O,3.467,active
CHEMBL78353,O=C(N[C@H](CCC(=O)N1[C@H](C(=O)O)C[C@@H]2CCCC[C@@H]21)C(=O)O)C1CCCN1C(=O)OCc1ccccc1,15.14,active
CHEMBL80939,O=C(O)[C@@H]1C=CCn2c(=O)n(CS)c(=O)n21,707.95,active
CHEMBL311525,C[C@H](CS)C(=O)N1C(=O)CC[C@H]1C(=O)O,8.913,active
CHEMBL77677,O=C(O)CNC(=O)CCS,2818.38,intermediate
CHEMBL78812,CC(C)[C@H](NC(=O)CCS)C(=O)O,1584.89,intermediate
CHEMBL309798,O=C(NC(CCc1ccccc1)P(=O)(O)CC(=O)N1CCC[C@H]1C(=O)O)c1ccccc1,72.44,active
CHEMBL446407,CC(C)(S)C(=O)N[C@@H](CC(=O)O)C(=O)O,3467368.5,inactive
CHEMBL312224,O=C(O)C(CCc1ccccc1)NC1CCC[C@H]2SC[C@@H](C(=O)O)N2C1=O,0.6026,active
CHEMBL76577,C[C@@H](CS)C(=O)N1CCC[C@@H]1C(=O)O,10964.78,inactive
CHEMBL311268,C[C@H](NC(CCCNC(=O)OCc1ccccc1)C(=O)O)C(=O)N1CCC[C@H]1C(=O)O,2.884,active
CHEMBL285897,CC(OC(CCc1ccccc1)C(=O)O)C(=O)N1CCCC1C(=O)O,110.0,active
CHEMBL39538,C[C@H](NC(CCc1ccccc1)C(=O)O)C(=O)N1CCC[C@H]1C(=O)O,1.202,active
CHEMBL309941,C[C@H](CC(=O)[C@@H](Cc1ccccc1)NC(=O)c1ccccc1)C(=O)N1CCC[C@H]1C(=O)O,3.02,active
CHEMBL78074,CN(CC(=O)O)C(=O)CCS,3019.95,intermediate
CHEMBL310624,NCCCCC(NC(=O)OCc1ccccc1)C(=O)N[C@H](CCC(=O)N1c2ccccc2C[C@H]1C(=O)O)C(=O)O,2511.89,intermediate
CHEMBL35419,NCCCC[C@H](OP(=O)(O)CCCCc1ccccc1)C(=O)N1C[C@@H](O)C[C@H]1C(=O)O,15.85,active
CHEMBL147755,O=C1N[C@H](C(=O)O)Cc2ccccc2CCCCCC[C@@H]1CS,725.0,active
CHEMBL150222,O=C1N[C@H](C(=O)O)CCCCc2ccccc2C[C@@H]1CS,10000.0,inactive
CHEMBL146573,O=C1N[C@H](C(=O)O)CCCCCCc2ccccc2C[C@H]1CS,10000.0,inactive
CHEMBL423574,O=C1N[C@@H](C(=O)O)Cc2ccccc2CCCCCCC[C@@H]1CS,10000.0,inactive
CHEMBL346424,O=C1N[C@H](C(=O)O)CCCCc2ccccc2C[C@H]1CS,10000.0,inactive
CHEMBL149841,O=C1N[C@H](C(=O)O)CCCCCCc2ccccc2C[C@@H]1CS,10000.0,inactive
CHEMBL148840,O=C1N[C@H](C(=O)O)CCCCCc2cccc(c2)C[C@H]1CS,1400.0,intermediate
CHEMBL357311,O=C1N[C@H](C(=O)O)CCCCCc2ccccc2C[C@H]1CS,2000.0,intermediate
CHEMBL147526,O=C1N[C@H](C(=O)O)CCCCCCc2cccc(c2)C[C@H]1CS,118.0,active
CHEMBL147185,O=C1N[C@H](C(=O)O)CCCCCc2cccc(c2)C[C@@H]1CS,4.0,active
CHEMBL149367,O=C1N[C@@H](C(=O)O)Cc2ccccc2CCCCCC[C@@H]1CS,470.0,active
CHEMBL357584,O=C1N[C@H](C(=O)O)CCCCCCc2cccc(c2)C[C@@H]1CS,175.0,active
CHEMBL342091,O=C1N[C@H](C(=O)O)CCCCCc2ccccc2C[C@@H]1CS,8000.0,intermediate
CHEMBL148616,C[C@H](CS)C(=O)N1Cc2[nH]c3ccccc3c2CC1C(=O)O,500.0,active
CHEMBL148140,O=C1N[C@@H](C(=O)O)Cc2ccccc2CCCCC[C@@H]1CS,6000.0,intermediate
CHEMBL299169,O=C(O)CN1CCCC[C@H](NC(=O)[C@@H](S)Cc2ccccc2)C1=O,22.0,active
CHEMBL422944,O=C(O)CN1C(=O)[C@@H](NC(=O)[C@H](S)Cc2ccccc2)CCc2ccccc21,284.0,active
CHEMBL50480,C[C@H](S)C(=O)N[C@H]1CCc2ccccc2N(CC(=O)O)C1=O,24.0,active
CHEMBL300016,C[C@H](NC(=O)[C@@H](S)Cc1ccccc1)C(=O)N(CC(=O)O)c1ccccc1,14.0,active
CHEMBL50315,O=C(O)CN1C(=O)[C@H](NC(=O)[C@@H](S)Cc2ccccc2)CCc2ccccc21,306.0,active
CHEMBL48534,CC(S)(Cc1ccccc1)C(=O)N[C@H]1CCc2ccccc2N(CC(=O)O)C1=O,63.0,active
CHEMBL299875,CCCC[C@H](S)C(=O)N[C@H]1CCc2ccccc2N(CC(=O)O)C1=O,5.4,active
CHEMBL51576,O=C(O)CN1Cc2ccccc2C[C@H](NC(=O)[C@@H](S)Cc2ccccc2)C1=O,33.0,active
CHEMBL50814,O=C(O)CN1C(=O)C(NC(=O)[C@@H](S)Cc2ccccc2)CCCc2ccccc21,25.0,active
CHEMBL299438,O=C(O)CN1C(=O)[C@@H](NC(=O)[C@@H](S)CC2CCCCC2)CCc2ccccc21,22.0,active
CHEMBL415932,CC(C)C[C@H](S)C(=O)N[C@H]1CCc2ccccc2N(CC(=O)O)C1=O,6.3,active
CHEMBL317304,CCCCN1C[C@@H](C(=O)O)N(C(=O)[C@H](C)N[C@@H](CCc2ccccc2)C(=O)O)C1=O,6.7,active
CHEMBL340119,CC(C)C[C@H](N)C(=O)N[C@@H](C)C(=O)N1CCC[C@@H]1C(=O)O,2300.0,intermediate
CHEMBL100063,CCCCCCCC[C@H](N[C@@H](CC)C(=O)N1C(=O)N(C)C[C@H]1C(=O)O)C(=O)O,2.4,active
CHEMBL29031,Cc1ccc(S(=O)(=O)N[C@@H](Cc2ccccc2)C(=O)NCC(=O)N2CCC[C@H]2C(=O)O)cc1,67000.0,inactive
CHEMBL54942,CC(NC(=O)C(Cc1ccccc1)CC(S)c1ccccc1)C(=O)O,3500.0,intermediate
CHEMBL54823,CCC(C)C(CC(S)CCc1ccccc1)C(=O)NC(Cc1ccc(O)cc1)C(=O)O,2900.0,intermediate
CHEMBL101469,CCCCCCCC[C@H](N[C@@H](C)C(=O)N1C(=O)N(Cc2ccccc2)C[C@H]1C(=O)O)C(=O)O,1.5,active
CHEMBL301703,O=C(NC(Cc1ccc(O)cc1)C(=O)O)C(Cc1ccccc1)CC(S)Cc1ccccc1,2400.0,intermediate
CHEMBL100586,C[C@@H](N[C@@H](CCc1ccccc1)C(=O)O)C(=O)N1C(=O)N(Cc2ccccc2)C[C@H]1C(=O)O,2400.0,intermediate
CHEMBL129432,C[C@H](NC(=O)[C@@H](N)CCCN=C(N)N)C(=O)N1CCC[C@@H]1C(=O)O,16000.0,inactive
CHEMBL101409,C[C@H](N[C@@H](Cc1ccccc1)C(=O)O)C(=O)N1C(=O)N(Cc2ccccc2)C[C@H]1C(=O)O,11.0,active
CHEMBL430689,CC(C)CC[C@H](N[C@@H](C)C(=O)N1C(=O)N(Cc2ccccc2)C[C@H]1C(=O)O)C(=O)O,3.3,active
CHEMBL54477,O=C(O)CCNC(=O)C(Cc1ccccc1)CC(S)Cc1ccccc1,3500.0,intermediate
CHEMBL27560,N[C@@H](Cc1ccccc1)C(=O)NCC(=O)N1CCC[C@H]1C(=O)O,20000.0,inactive
CHEMBL338446,N[C@@H](Cc1ccccc1)C(=O)N1CCC[C@H]1C(=O)N1CCC[C@@H]1C(=O)O,78000.0,inactive
CHEMBL128399,C[C@H](NC(=O)[C@@H](N)Cc1ccccc1)C(=O)N1CCC[C@@H]1C(=O)O,4200.0,intermediate
CHEMBL101360,CCCCCCCC[C@H](N[C@@H](C)C(=O)N1C(=O)N(C)C[C@H]1C(=O)O)C(=O)O,1.6,active
CHEMBL53621,CCC(C)C(S)CC(C(=O)NC(Cc1ccc(O)cc1)C(N)=O)C(C)CC,4000.0,intermediate
CHEMBL55520,CCC(C)C(S)CC(Cc1ccccc1)C(=O)N[C@H](Cc1ccc(O)cc1)C(=O)O,8000.0,intermediate
CHEMBL293794,CC(NC(=O)C(Cc1ccccc1)CC(S)Cc1ccccc1)C(=O)O,3800.0,intermediate
CHEMBL54796,CCC(C)C(S)CC(Cc1ccccc1)C(=O)NC(Cc1ccc(O)cc1)C(N)=O,3500.0,intermediate
CHEMBL55583,CCC(C)C(CC(S)Cc1ccccc1)C(=O)NC(Cc1ccc(O)cc1)C(=O)O,800.0,active
CHEMBL53678,CCC(C)C(S)CC(C(=O)NC(Cc1ccc(O)cc1)C(=O)O)C(C)CC,3400.0,intermediate
CHEMBL328847,CCOC(=O)[C@H](CCc1ccccc1)N[C@@H](C)C(=O)N1C(=O)N(Cc2ccccc2)C[C@H]1C(=O)O,7900.0,intermediate
CHEMBL328378,CCCCCCCC[C@H](N[C@@H](CC)C(=O)N1C(=O)N(Cc2ccccc2)C[C@H]1C(=O)O)C(=O)O,2.1,active
CHEMBL102044,C[C@H](N)C(=O)N1C(=O)N(C)C[C@H]1C(=O)O,10000.0,inactive
CHEMBL100966,CCCCCCCC[C@H](N[C@H](C)C(=O)N1C(=O)N(C)C[C@H]1C(=O)O)C(=O)O,2400.0,intermediate
CHEMBL317094,CCOC(=O)[C@H](CCc1ccccc1)N[C@@H](C)C(=O)N1C(=O)N(C)C[C@H]1C(=O)O,9900.0,intermediate
CHEMBL340152,CCCC[C@H](N)C(=O)N[C@@H](C)C(=O)N1CCC[C@@H]1C(=O)O,700.0,active
CHEMBL32032,O=C(N[C@@H](Cc1ccccc1)C(=O)NCC(=O)N1CCC[C@H]1C(=O)O)c1ccccc1,9400.0,intermediate
CHEMBL55103,CCC(C)C1CC(Cc2ccccc2)SC1=O,2300.0,intermediate
CHEMBL316865,CCCCCCCC[C@H](N[C@@H](C)C(=O)N1C(=O)N(C)C[C@H]1C(=O)O)C(=O)OCC,5100.0,intermediate
CHEMBL264538,C[C@H](NC(=O)[C@H](Cc1c[nH]c2ccccc12)NC(=O)[C@H](CCCCN)NC(=O)[C@@H]1CCC(=O)N1)C(=O)N1CCC[C@H]1C(=O)O,730.0,active
CHEMBL328811,CCCCCCCC[C@H](N[C@@H](C)C(=O)N1C(=O)N(Cc2ccccc2)C[C@H]1C(=O)O)C(=O)OCC,2200.0,intermediate
CHEMBL55613,CCC(C)C(CC(S)Cc1ccccc1)C(=O)N1CCCC1C(=O)O,2800.0,intermediate
CHEMBL53141,CCC(C)C(CC(S)Cc1ccccc1)C(=O)O,4000.0,intermediate
CHEMBL99798,CC(C)C[C@H](N[C@@H](C)C(=O)N1C(=O)N(Cc2ccccc2)C[C@H]1C(=O)O)C(=O)O,2.1,active
CHEMBL421581,C[C@H](N)C(=O)N1C(=O)N(Cc2ccccc2)C[C@H]1C(=O)O,1500.0,intermediate
CHEMBL54457,O=C(O)C1CCCN1C(=O)C(Cc1ccccc1)CC(S)Cc1ccccc1,3600.0,intermediate
CHEMBL408983,CC[C@H](C)[C@H](NC(=O)[C@H](CCC(N)=O)NC(=O)[C@@H]1CCCN1C(=O)[C@H](CCCNC(=N)N)NC(=O)[C@@H]1CCCN1C(=O)[C@H](Cc1c[nH]c2ccccc12)NC(=O)[C@@H]1CCC(=O)N1)C(=O)N1CCC[C@H]1C(=O)N1CCC[C@H]1C(=O)O,220.0,active
CHEMBL100413,C[C@H](N[C@@H](CCc1ccccc1)C(=O)O)C(=O)N1C(=O)N(Cc2ccccc2)C[C@H]1C(=O)O,1.7,active
CHEMBL99701,C[C@H](N[C@@H](CCc1ccccc1)C(=O)O)C(=O)N1C(=O)N(C)C[C@H]1C(=O)O,1.7,active
CHEMBL100826,CC[C@H](N[C@@H](CCc1ccccc1)C(=O)O)C(=O)N1C(=O)N(Cc2ccccc2)C[C@H]1C(=O)O,2.3,active
CHEMBL55721,CCC(C)C(S)CC(Cc1ccccc1)C(=O)N[C@@H](Cc1ccc(O)cc1)C(=O)O,4400.0,intermediate
CHEMBL431052,C[C@H](N[C@@H](CCc1ccccc1)C(=O)O)C(=O)N1C(=O)NC[C@H]1C(=O)O,3.5,active
CHEMBL92676,CC(C)C[C@H](NCP(=O)(O)O)C(=O)N[C@@H](Cc1ccc(-c2ccccc2)cc1)C(=O)O,1000.0,active
CHEMBL92126,C[C@H](N[C@@H](Cc1ccccc1)C(=O)N[C@@H](Cc1ccc(-c2ccccc2)cc1)C(=O)O)P(=O)(O)O,44.0,active
CHEMBL329464,O=C(O)[C@H](Cc1ccc(-c2ccccc2)cc1)NC(=O)[C@H](Cc1ccc(Cl)cc1)NCP(=O)(O)O,473.0,active
CHEMBL90545,CC[C@@H](C)[C@H](NCP(=O)(O)O)C(=O)N[C@@H](Cc1ccc(-c2ccccc2)cc1)C(=O)O,50.0,active
CHEMBL92326,O=C(O)[C@H](Cc1ccc(-c2ccccc2)cc1)NC(=O)[C@H](Cc1ccc2ccccc2c1)NCP(=O)(O)O,53.0,active
CHEMBL91399,Cc1ccccc1C[C@H](NCP(=O)(O)O)C(=O)N[C@@H](Cc1ccc(-c2ccccc2)cc1)C(=O)O,498.0,active
CHEMBL328030,CC(C)Oc1ccc(C[C@H](NC(=O)[C@@H](NCP(=O)(O)O)C(C)C)C(=O)O)cc1,92.0,active
CHEMBL93785,COc1ccccc1C[C@H](NCP(=O)(O)O)C(=O)N[C@@H](Cc1ccc(-c2ccccc2)cc1)C(=O)O,160.0,active
CHEMBL93562,CC(C)[C@H](NCP(=O)(O)O)C(=O)N[C@@H](CCc1ccccc1)C(=O)O,100.0,active
CHEMBL92949,CC(C)[C@H](NCP(=O)(O)O)C(=O)N[C@@H](Cc1c[nH]c2ccccc12)C(=O)O,240.0,active
CHEMBL94173,CC[C@H](C)C(N[C@@H](C)C(=O)O)C(=O)N[C@@H](Cc1ccc(-c2ccccc2)cc1)C(=O)O,22.0,active
CHEMBL418959,O=C(O)[C@H](Cc1ccc(-c2ccccc2)cc1)NC(=O)[C@H](Cc1ccc(-c2ccccc2)cc1)NCP(=O)(O)O,414.0,active
CHEMBL366503,C[C@H](OCc1ccccc1)[C@H](NCP(=O)(O)O)C(=O)N[C@@H](Cc1ccc(-c2ccccc2)cc1)C(=O)O,656.0,active
CHEMBL329666,O=C(O)[C@H](Cc1ccc(-c2ccccc2)cc1)NC(=O)C1(NCP(=O)(O)O)CCCC1,1000.0,active
CHEMBL420253,O=C(O)[C@H](Cc1ccc(-c2ccccc2)cc1)NC(=O)[C@H](Cc1ccc(O)cc1)NCP(=O)(O)O,1000.0,active
CHEMBL328463,O=C(O)[C@H](Cc1ccc(-c2ccccc2)cc1)NC(=O)[C@H](Cc1ccc2c(c1)OCO2)NCP(=O)(O)O,147.0,active
CHEMBL92638,O=C(O)[C@H](Cc1ccc(-c2ccccc2)cc1)NC(=O)[C@@H](NCP(=O)(O)O)C1CCCCC1,1000.0,active
CHEMBL93167,CC(C)[C@H](NCP(=O)(O)O)C(=O)N[C@@H](Cc1ccc(C2CCCCC2)cc1)C(=O)O,122.0,active
CHEMBL329894,CC(C)[C@H](NCP(=O)(O)O)C(=O)N[C@@H](Cc1ccc(-c2ccccc2)cc1)C(=O)N[C@@H](Cc1ccc(O)cc1)C(=O)O,1000.0,active
CHEMBL93206,CC(C)(C)[C@H](NCP(=O)(O)O)C(=O)N[C@@H](Cc1ccc(-c2ccccc2)cc1)C(=O)O,1000.0,active
CHEMBL329372,CC(C)[C@H](NCP(=O)(O)O)C(=O)N[C@@H](Cc1ccc(-c2ccccc2)cc1)C(=O)N1C[C@H](O)C[C@H]1C(=O)O,1000.0,active
CHEMBL327799,C[C@H](O)[C@H](NCP(=O)(O)O)C(=O)N[C@@H](Cc1ccc(-c2ccccc2)cc1)C(=O)O,665.0,active
CHEMBL93180,O=C(O)[C@H](Cc1ccc(-c2ccccc2)cc1)NC(=O)[C@H](Cc1ccccc1)NCP(=O)(O)O,117.0,active
CHEMBL315669,O=C(O)[C@H](Cc1ccc(-c2ccccc2)cc1)NC(=O)[C@H](Cc1c[nH]cn1)NCP(=O)(O)O,1000.0,active
CHEMBL91218,C[C@H](NCP(=O)(O)O)C(=O)N[C@@H](Cc1ccc(-c2ccccc2)cc1)C(=O)O,660.0,active
CHEMBL92632,CC(C)[C@H](N[C@@H](C)C(=O)O)C(=O)N[C@@H](Cc1ccc(-c2ccccc2)cc1)C(=O)O,23.0,active
CHEMBL329136,O=C(O)[C@H](Cc1ccc(-c2ccccc2)cc1)NC(=O)[C@H](Cc1ccccc1O)NCP(=O)(O)O,1000.0,active
CHEMBL329530,C[C@H](c1ccccc1)[C@H](NCP(=O)(O)O)C(=O)N[C@@H](Cc1ccc(-c2ccccc2)cc1)C(=O)O,138.0,active
CHEMBL330507,O=C(O)[C@H](Cc1ccc(-c2ccccc2)cc1)NC(=O)[C@H](Cc1cccs1)NCP(=O)(O)O,385.0,active
CHEMBL313419,CCCC[C@H](NCP(=O)(O)O)C(=O)N[C@@H](Cc1ccc(-c2ccccc2)cc1)C(=O)O,731.0,active
CHEMBL89563,CC(C)[C@H](NCP(=O)(O)O)C(=O)N[C@@H](Cc1ccc(-c2ccccc2)cc1)C(=O)O,25.0,active
CHEMBL328737,CC[C@H](C)C(NCC(=O)O)C(=O)N[C@@H](Cc1ccc(-c2ccccc2)cc1)C(=O)O,65.0,active
CHEMBL277919,O=C(O)CCCC(=O)N1CCC[C@H]1C(=O)O,70000.0,inactive
CHEMBL162360,C[C@H](CS)C(=O)N1CCCC1C(=O)O,23.0,active
CHEMBL327401,C[C@H](NC(=O)[C@H](Cc1c[nH]c2ccccc12)NC(=O)[C@H](CCCCN)NC(=O)[C@@H](N)CCC(=O)O)C(=O)N1CCC[C@H]1C(=O)O,60.0,active
CHEMBL152188,CC(CCC(=O)N1CCC[C@H]1C(=O)O)C(=O)O,260000.0,inactive
CHEMBL347755,O=C(O)C(CCc1ccccc1)N[C@H]1CCC[C@H]2SC[C@@H](C(=O)O)N2C1=O,0.6,active
CHEMBL331575,CC1CCCC(C(=O)O)N1C(=O)CCS,1.0,active
CHEMBL322069,CC(=O)SCC(C)C(=O)Nc1ccccc1,300.0,active
CHEMBL114552,O=C(O)CCCNCP(=O)(O)CCc1ccccc1,100000.0,inactive
CHEMBL326801,CC(=O)SCC(C)C(=O)NCc1ccccc1,500000.0,inactive
CHEMBL173376,Cc1ccccc1C(=O)NC(Cc1ccccc1)C(=O)CCC(=O)N1CCC[C@H]1C(=O)O,46.0,active
CHEMBL172917,CC(=O)NC(Cc1ccccc1)C(=O)CCC(=O)N1CCC[C@H]1C(=O)O,330.0,active
CHEMBL176729,Cc1ccccc1C(=O)NC(Cc1ccccc1)C(=O)CCC(=O)N1CCC[C@H]1C(=O)OCc1ccccc1,1600.0,intermediate
CHEMBL172015,O=C(NC(Cc1cccnc1)C(=O)CCC(=O)N1CCC[C@H]1C(=O)OCc1ccccc1)c1ccccc1,15.0,active
CHEMBL173822,O=C(NC(Cc1ccc(O)cc1)C(=O)CCC(=O)N1CCC[C@H]1C(=O)O)c1ccccc1,4.7,active
CHEMBL176688,O=C(NC(Cc1cccnc1)C(=O)CCC(=O)N1CCC[C@H]1C(=O)O)c1ccccc1,5.7,active
CHEMBL556775,Cl.NC(Cc1ccccc1)C(=O)CCC(=O)N1CCC[C@H]1C(=O)O,25000.0,inactive
CHEMBL173849,COc1ccc(CC(NC(=O)c2ccccc2)C(=O)CCC(=O)N2CCC[C@H]2C(=O)O)cc1OC,1.4,active
CHEMBL176970,O=C(NC(Cc1ccccc1)C(=O)CCC(=O)N1CCC[C@H]1C(=O)O)OCc1ccccc1,240.0,active
CHEMBL366455,O=C(CCC(=O)C(Cc1ccccc1)NC(=O)c1ccccc1)N[C@H](Cc1ccccc1)C(=O)O,28.0,active
CHEMBL172600,O=C(NC(Cc1ccccc1)C(=O)CCC(=O)N1CC(O)C[C@H]1C(=O)O)c1ccccc1,540.0,active
CHEMBL172783,O=C(NC(Cc1ccccc1)C(=O)CCCC(=O)N1CCC[C@H]1C(=O)O)c1ccccc1,42.0,active
CHEMBL172801,O=C(NC(Cc1ccc(OCc2ccccc2)cc1)C(=O)CCC(=O)N1CCC[C@H]1C(=O)O)c1ccccc1,10.0,active
CHEMBL369590,O=C(CCC(=O)C(Cc1ccccc1)NC(=O)c1ccccc1)NC(Cc1ccccc1)C(=O)OCc1ccccc1,180.0,active
CHEMBL298647,O=C(CN1Cc2c(Cl)cccc2NC1=O)NO,90000.0,inactive
CHEMBL366727,O=C(NC(Cc1ccccc1)/C(CCC(=O)N1CCC[C@H]1C(=O)O)=N/O)c1ccccc1,1200.0,intermediate
CHEMBL299946,O=C(CN1Cc2c(Cl)cccc2NS1(=O)=O)NO,100000.0,inactive
CHEMBL172913,CC(NC(=O)c1ccccc1)C(=O)CCC(=O)N1CCC[C@H]1C(=O)O,300.0,active
CHEMBL172262,O=C(NC(Cc1ccccc1)C(=O)CCC(=O)N1CCC[C@H]1C(=O)O)c1ccco1,1.4,active
CHEMBL368784,O=C(CCC(=O)N1CCC[C@H]1C(=O)O)C(Cc1ccccc1)NC(=O)C1CCCO1,20.0,active
CHEMBL177394,COC(=O)[C@@H]1CCCN1C(=O)CCC(=O)C(Cc1ccccc1)NC(=O)c1ccccc1,82.0,active
CHEMBL369809,CC(C)(C)OC(=O)[C@@H]1CCCN1C(=O)CCC(=O)C(Cc1ccc(OCc2ccccc2)cc1)NC(=O)c1ccccc1,8600.0,intermediate
CHEMBL368640,NC(=O)[C@@H]1CCCN1C(=O)CCC(=O)C(Cc1ccccc1)NC(=O)c1ccccc1,150.0,active
CHEMBL172356,O=C(NC(Cc1ccc(OCc2ccccc2)cc1)C(=O)CCC(=O)N1CCC[C@H]1C(=O)OCc1ccccc1)c1ccccc1,86.0,active
CHEMBL54677,CC(C)[C@@H](O)C[C@H](O)[C@H](CC1CCCCC1)NC(=O)[C@H](Cc1c[nH]cn1)NC(=O)c1cc2ccccc2[nH]1,100000.0,inactive
CHEMBL128223,O=C(/C=C\S)C1CC[C@@H](C(=O)O)C1,650.0,active
CHEMBL2304318,C[C@H](N[C@](C)(CCc1ccccc1)C(=O)O)C(=O)N1CCC[C@H]1C(=O)O,1.2,active
CHEMBL131552,C[C@@H](NC(=O)[C@H](Cc1ccccc1)NC(=O)c1ccccc1)C(=O)N1CCC[C@H]1C(=O)O,3.2,active
CHEMBL340528,O=C(O)C(CCc1ccccc1)N[C@H]1CCCC2SC[C@@H](C(=O)O)N2C1=O,0.6,active
CHEMBL290284,O=C(O)CN1C(=O)[C@@H](NC(CCc2ccccc2)C(=O)O)CSc2ccccc21,3.0,active
CHEMBL177000,COC(=O)c1ccccc1NC(=O)CN(C)C(=O)C1C[C@@H](S)CN1S(=O)(=O)c1ccc2ccccc2c1,36600.0,inactive
CHEMBL367315,O=c1cc(N2CCOCC2)oc2ccccc12,13400.0,inactive
CHEMBL191879,CC(=O)S[C@@H]1C[C@@H](COCc2cc(F)c(F)cc2F)N(C(=O)Oc2cccc3c2OCCO3)C1,100000.0,inactive
CHEMBL193490,O=C(S[C@@H]1C[C@@H](COCc2cc(F)c(F)cc2F)N(C(=O)Oc2cccc3c2OCCO3)C1)c1ccccc1,100000.0,inactive
CHEMBL192441,CC(C)OC(=O)N1C[C@H](S)CC1CNCc1cc(F)ccc1F,100000.0,inactive
CHEMBL194651,CCCc1cnc(N2C[C@H](S)CC2CNCc2cc(F)ccc2F)nc1,31500.0,inactive
CHEMBL425383,Cc1ccc(S(=O)(=O)N(C)NC(=O)C2C[C@@H](S)CN2S(=O)(=O)c2ccc3ccccc3c2)cc1,14600.0,inactive
CHEMBL196902,O=C(O)CCNC(=O)C(CS)Cc1ccccc1,32000.0,inactive
CHEMBL372307,O=C(N[C@H]1CCCSC2CCC[C@@H](C(=O)O)N21)[C@@H](S)Cc1ccccc1,5.0,active
CHEMBL198316,O=C(N[C@H]1Cc2ccccc2C2CCC[C@H](C(=O)O)N2C1=O)[C@H](S)Cc1ccccc1,0.11,active
CHEMBL378864,CN[C@@H](Cc1c[nH]c2ccccc12)C(=O)N[C@@H](CCCN)C(=O)N1CCC[C@H]1C(=O)O,10000.0,inactive
CHEMBL381557,NCCC[C@H](NC(=O)[C@@H](N)Cc1c[nH]c2ccc(O)cc12)C(=O)N1CCC[C@H]1C(=O)O,4000.0,intermediate
CHEMBL383507,NCCC[C@H](NC(=O)[C@@H](N)Cc1ccsc1)C(=O)N1CCC[C@H]1C(=O)O,600.0,active
CHEMBL204944,NCCC[C@H](NC(=O)CCc1nc2ccccc2[nH]1)C(=O)N1CCC[C@H]1C(=O)O,10000.0,inactive
CHEMBL450935,CC(C)CN(C[C@H](O)C(=O)O)C(=O)N[C@@H](Cc1ccc2ccccc2c1)C(=O)O,52.0,active
CHEMBL442455,CC(C)CN(CP(=O)(O)O)C(=O)N[C@@H](Cc1ccc2ccccc2c1)C(=O)O,29.0,active
CHEMBL271718,O=C(O)[C@H](Cc1ccc2ccccc2c1)NC(=O)N(CCN1C(=O)c2cccc3cccc(c23)C1=O)C[C@H](O)C(=O)O,1980.0,intermediate
CHEMBL256895,O=C(O)[C@H](Cc1ccc2ccccc2c1)NC(=O)N(Cc1ccc2c(c1)Cc1ccccc1-2)C[C@H](O)C(=O)O,150.0,active
CHEMBL273140,O=C1c2ccccc2C(=O)c2cc(CN(C[C@H](O)C(=O)O)C(=O)N[C@@H](Cc3ccc4ccccc4c3)C(=O)O)ccc21,40.0,active
CHEMBL258130,O=C1c2ccccc2-c2ccc(CN(C[C@H](O)C(=O)O)C(=O)N[C@@H](Cc3ccc4ccccc4c3)C(=O)O)cc21,39.0,active
CHEMBL273142,CC(C)(C)CN(C[C@H](O)C(=O)O)C(=O)N[C@@H](Cc1ccc2ccccc2c1)C(=O)O,191.0,active
CHEMBL258278,CC(C)CN(C[C@H](O)C(=O)O)C(=O)N[C@@H](Cc1ccc(O)c(O)c1)C(=O)O,23.0,active
CHEMBL270576,CC(C)CN(C[C@H](O)C(=O)O)C(=O)N[C@@H](Cc1ccc(O)cc1)C(=O)O,60.0,active
CHEMBL409720,CC(C)CN(C[C@H](O)C(=O)O)C(=O)N[C@@H](Cc1ccc(-c2ccccc2)cc1)C(=O)O,35.0,active
CHEMBL409920,CC(C)CN(C[C@H](O)C(=O)O)C(=O)N[C@@H](Cc1cccc2ccccc12)C(=O)O,110.0,active
CHEMBL255568,CC(C)CN(C[C@H](O)C(=O)O)C(=O)N[C@@H](Cc1c[nH]c2ccccc12)C(=O)O,103.0,active
CHEMBL6246,O=c1oc2c(O)c(O)cc3c(=O)oc4c(O)c(O)cc1c4c23,5000000.0,inactive
CHEMBL449392,O=C(O[C@@H]1O[C@@H]2COC(=O)c3cc(O)c(O)c(O)c3-c3c(cc(O)c(O)c3O)C(=O)O[C@H]([C@H]1O)[C@@H]2O)c1cc(O)c(O)c(O)c1,3700000.0,inactive
CHEMBL288114,O=C(O)c1cc(O)c(O)c(O)c1,7700000.0,inactive
CHEMBL506069,O=C1O[C@H]2[C@@H]3OC(=O)c4cc(O)c(O)c(O)c4-c4c(cc(O)c(O)c4O)C(=O)OC[C@H]2O[C@@H](OC(=O)c2cc(O)c(O)c(O)c2)[C@@H]3OC(=O)c2cc(O)c(O)c3c2[C@@H]2C1=CC(=O)[C@](O)(O3)C2(O)O,400000.0,inactive
CHEMBL499305,CC(C)c1ccc(CS[C@@H]2CC[C@@H](C(=O)O)N2C(=O)[C@H](C)CS)cc1,3.3,active
CHEMBL502817,C[C@H](CS)C(=O)N1[C@@H](SCc2ccc(C3CCCCC3)cc2)CC[C@H]1C(=O)O,280.0,active
CHEMBL500409,C[C@H](CS)C(=O)N1[C@@H](SCc2ccc(C(C)(C)C)cc2)CC[C@H]1C(=O)O,410.0,active
CHEMBL525967,CSc1ccc(CS[C@H]2CC[C@@H](C(=O)O)N2C(=O)[C@H](C)CS)cc1,4.1,active
CHEMBL500408,Cc1ccccc1CS[C@H]1CC[C@@H](C(=O)O)N1C(=O)[C@H](C)CS,2.3,active
CHEMBL499612,Cc1cccc(CS[C@H]2CC[C@@H](C(=O)O)N2C(=O)[C@H](C)CS)c1,0.9,active
CHEMBL499611,CC(C)c1ccc(CCCS[C@H]2CC[C@@H](C(=O)O)N2C(=O)[C@H](C)CS)cc1,15.0,active
CHEMBL525948,CC(C)c1ccc(CCS[C@H]2CC[C@@H](C(=O)O)N2C(=O)[C@H](C)CS)cc1,19.0,active
CHEMBL449792,CC(C)c1ccc(CS[C@H]2CC[C@@H](C(=O)O)N2C(=O)[C@H](C)CS)cc1,8.4,active
CHEMBL499610,C[C@H](CS)C(=O)N1[C@@H](SCc2ccc3ccccc3c2)CC[C@H]1C(=O)O,4.2,active
CHEMBL526896,C[C@H](CS)C(=O)N1[C@@H](SCc2cccc3ccccc23)CC[C@H]1C(=O)O,3.2,active
CHEMBL443353,C[C@H](CS)C(=O)N1[C@@H](SCCCc2ccccc2)CC[C@H]1C(=O)O,0.029,active
CHEMBL526298,C[C@H](CS)C(=O)N1[C@@H](SCCc2ccccc2)CC[C@H]1C(=O)O,0.18,active
CHEMBL498798,C[C@H](CS)C(=O)N1[C@@H](SCc2ccccc2)CC[C@H]1C(=O)O,2.4,active
CHEMBL477740,O=c1c2cc(O)c(O)cc2oc2c(O)c(O)ccc12,35400.0,inactive
CHEMBL12700,O=c1c2cc(O)c(O)cc2oc2cc(O)c(O)cc12,769000.0,inactive
CHEMBL187265,O=c1c2cc(O)c(O)cc2oc2cc(O)cc(O)c12,530800.0,inactive
CHEMBL477921,O=c1c2ccc(O)c(O)c2oc2c(O)c(O)ccc12,238500.0,inactive
CHEMBL448040,O=c1c2ccc(O)c(O)c2oc2cc(O)cc(O)c12,69200.0,inactive
CHEMBL513281,O=C1C2=C(CCCC2)S(=O)(=O)N1c1cccc(Cl)n1,100000.0,inactive
CHEMBL518500,O=C1c2ccccc2S(=O)(=O)N1c1c(F)c(F)nc(F)c1F,100000.0,inactive
CHEMBL512569,O=C1C2=C(CCCC2)S(=O)(=O)N1c1ccncc1.[O-][Cl+3]([O-])([O-])O,100000.0,inactive
CHEMBL503392,O=C1C2=C(CCCC2)S(=O)(=O)N1c1c(F)c(F)c(F)c(F)c1F,100000.0,inactive
CHEMBL461946,CC1=C(c2ccccc2)C(=O)N(c2c(F)c(F)nc(F)c2F)S1(=O)=O,100000.0,inactive
CHEMBL512758,CC1=C(C)S(=O)(=O)N(c2c(F)c(F)nc(F)c2F)C1=O,100000.0,inactive
CHEMBL461945,O=C1C2=C(CCCC2)S(=O)(=O)N1c1c(F)c(F)nc(F)c1F,100000.0,inactive
CHEMBL459684,O=C1C2=C(CCCC2)S(=O)(=O)N1c1ncc(F)cc1F,100000.0,inactive
CHEMBL459683,O=C1C2=C(CCCC2)S(=O)(=O)N1c1cccc(Br)n1,100000.0,inactive
CHEMBL457317,C[C@H](CS)C(=O)N[C@@H](CSCc1ccc(N(C)C)cc1)C(=O)O,520.0,active
CHEMBL451209,C[C@H](CS)C(=O)N[C@@H](CSCc1ccccc1)C(=O)O,34.0,active
CHEMBL467755,C[C@H](CS)C(=O)N[C@@H](CSCc1ccc(F)cc1)C(=O)O,100.0,active
CHEMBL444474,C[C@H](CS)C(=O)N[C@@H](CSCc1ccc(Cl)cc1)C(=O)O,250.0,active
CHEMBL513671,C[C@H](CS)C(=O)N[C@@H](CSCc1ccc(Br)cc1)C(=O)O,280.0,active
CHEMBL459959,C[C@H](CS)C(=O)N[C@@H](CSCc1ccc(I)cc1)C(=O)O,140.0,active
CHEMBL459960,Cc1ccc(CSC[C@H](NC(=O)[C@H](C)CS)C(=O)O)cc1,240.0,active
CHEMBL459961,C[C@H](CS)C(=O)N[C@@H](CSCc1ccc(C(F)(F)F)cc1)C(=O)O,340.0,active
CHEMBL511184,CCc1ccc(CSC[C@H](NC(=O)[C@H](C)CS)C(=O)O)cc1,21.0,active
CHEMBL461021,CCCc1ccc(CSC[C@H](NC(=O)[C@H](C)CS)C(=O)O)cc1,210.0,active
CHEMBL461022,CC(C)c1ccc(CSC[C@H](NC(=O)[C@H](C)CS)C(=O)O)cc1,300.0,active
CHEMBL463320,C[C@H](CS)C(=O)N[C@@H](CSCc1ccc(C(C)(C)C)cc1)C(=O)O,130.0,active
CHEMBL463520,C[C@H](CS)C(=O)N[C@@H](CSCc1ccc(-c2ccccc2)cc1)C(=O)O,280.0,active
CHEMBL512941,C[C@H](CS)C(=O)N[C@@H](CSCc1ccc(C2CCCCC2)cc1)C(=O)O,4000.0,intermediate
CHEMBL511344,COc1ccc(CSC[C@H](NC(=O)[C@H](C)CS)C(=O)O)cc1,100.0,active
CHEMBL515834,C[C@H](CS)C(=O)N[C@@H](CSCc1ccc(OC(F)(F)F)cc1)C(=O)O,260.0,active
CHEMBL457571,CCOc1ccc(CSC[C@H](NC(=O)[C@H](C)CS)C(=O)O)cc1,340.0,active
CHEMBL514268,C[C@H](CS)C(=O)N[C@@H](CSCc1ccc(Oc2ccccc2)cc1)C(=O)O,370.0,active
CHEMBL457795,CCN(CC)c1ccc(CSC[C@H](NC(=O)[C@H](C)CS)C(=O)O)cc1,4600.0,intermediate
CHEMBL457796,C[C@H](CS)C(=O)N[C@@H](CSCc1ccc(C#N)cc1)C(=O)O,300.0,active
CHEMBL456278,C[C@H](CS)C(=O)N[C@@H](CSCc1ccc([N+](=O)[O-])cc1)C(=O)O,320.0,active
CHEMBL511849,CSc1ccc(CSC[C@H](NC(=O)[C@H](C)CS)C(=O)O)cc1,300.0,active
CHEMBL458237,C[C@H](CS)C(=O)N[C@@H](CSCc1ccc(S(C)(=O)=O)cc1)C(=O)O,300.0,active
CHEMBL511339,CC(C)c1ccc(CSC(C)(C)[C@H](NC(=O)[C@H](C)CS)C(=O)O)cc1,10000.0,inactive
CHEMBL458238,CC(C)c1ccc(C(C)SC[C@H](NC(=O)[C@H](C)CS)C(=O)O)cc1,200.0,active
CHEMBL458447,CCC(SC[C@H](NC(=O)[C@H](C)CS)C(=O)O)c1ccc(C(C)C)cc1,340.0,active
CHEMBL458450,CCCC(SC[C@H](NC(=O)[C@H](C)CS)C(=O)O)c1ccc(C(C)C)cc1,420.0,active
CHEMBL458451,CC(C)c1ccc(C(SC[C@H](NC(=O)[C@H](C)CS)C(=O)O)C(C)C)cc1,430.0,active
CHEMBL505067,CCCCC(SC[C@H](NC(=O)[C@H](C)CS)C(=O)O)c1ccc(C(C)C)cc1,3600.0,intermediate
CHEMBL516325,CC(C)c1ccc(C(SC[C@H](NC(=O)[C@H](C)CS)C(=O)O)c2ccccc2)cc1,1700.0,intermediate
CHEMBL456723,CC(C)c1ccc(C(C)(C)SC[C@H](NC(=O)[C@H](C)CS)C(=O)O)cc1,260.0,active
CHEMBL456044,C[C@H](CS)C(=O)N[C@@H](CSC(c1ccccc1)c1ccc(C2CCCCC2)cc1)C(=O)O,10000.0,inactive
CHEMBL456045,C[C@H](CS)C(=O)N[C@@H](CSC(C)(C)c1ccc(C2CCCCC2)cc1)C(=O)O,3000.0,intermediate
CHEMBL560685,O=C(CC(S)C(F)(F)F)NC(Cc1ccccc1)C(=O)O,830.0,active
CHEMBL540674,O=C(CC(S)C(F)(F)F)NC(Cc1ccc(O)cc1)C(=O)O,160.0,active
CHEMBL551145,O=C(CC(S)C(F)(F)F)NC(Cc1ccc(F)cc1)C(=O)O,300.0,active
CHEMBL551622,O=C(CC(S)C(F)(F)F)NC(Cc1c[nH]c2ccccc12)C(=O)O,400.0,active
CHEMBL558146,O=C(CC(S)C(F)(F)C(F)(F)F)NC(Cc1ccccc1)C(=O)O,1010.0,intermediate
CHEMBL560409,O=C(CC(S)C(F)(F)F)NC(Cc1ccccc1)C(=O)NC(Cc1ccc(O)cc1)C(=O)O,280.0,active
CHEMBL572982,O=C(O)CC(O)CCc1ccc(-c2ccccc2)cc1,250000.0,inactive
CHEMBL43370,CS(=O)(=O)N[C@@H](CCCCN)C(=O)N[C@@H](Cc1ccccc1)P(=O)(O)CC1(C(=O)N[C@@H](Cc2c[nH]c3ccccc23)C(=O)O)CCCC1,2.5,active
CHEMBL567893,COC(=O)[C@@H]1CCCN1C(=O)[C@@H](Cc1ccccc1)N(C)C(=O)[C@H](C)NC(=O)[C@@H](NC(=O)C[C@H](O)[C@H](CC(C)C)NC(=O)[C@H](CC(N)=O)NC(=O)[C@H](CC(C)C)NC(=O)[C@H](OC(=O)[C@@H](OC(=O)[C@H](C(C)C)N(C)C)C(C)C)C(C)C)[C@@H](C)O,10000.0,inactive
CHEMBL1242210,CN1CCN(c2cccc3nc(CN(C)[C@H]4CCCc5cccnc54)c(CO)n23)CC1,193.0,active
CHEMBL2153745,O=C(N[C@@H](CCc1ccccc1)CP(=O)(O)CC(=O)N1CCC[C@H]1C(=O)O)c1ccccc1,12.0,active
CHEMBL2097001,C[C@H](C[Si](O)(O)[C@H](Cc1ccccc1)NC(=O)c1ccccc1)C(=O)N1CCC[C@H]1C(=O)O,3.8,active
CHEMBL328537,C[C@@H](CC(=O)[C@@H](Cc1ccccc1)NC(=O)c1ccccc1)C(=O)N1CCC[C@H]1C(=O)O,3200.0,intermediate
CHEMBL328814,C[C@@H](C[Si](O)(O)[C@@H](Cc1ccccc1)NC(=O)c1ccccc1)C(=O)N1CCC[C@H]1C(=O)O,72.0,active
CHEMBL95564,C[C@H](CC(=O)[C@H](Cc1ccccc1)NC(=O)c1ccccc1)C(=O)N1CCC[C@H]1C(=O)O,1.0,active
CHEMBL2442646,CCCC(N[C@@H](C)C(=O)N1[C@H](C(=O)O)C[C@@H]2CCCC[C@@H]21)P(=O)(O)O,30.0,active
CHEMBL2442647,C[C@H](NC(CCc1ccccc1)P(=O)(O)O)C(=O)N1[C@H](C(=O)O)C[C@@H]2CCCC[C@@H]21,40.0,active
CHEMBL1581,CCC[C@H](N[C@@H](C)C(=O)N1[C@H](C(=O)O)C[C@@H]2CCCC[C@@H]21)C(=O)OCC,1.5,active
CHEMBL3221963,CC(C)C[C@@H](CC(=O)N[C@@H](CO)C(=O)O)C(=O)O,31622.78,inactive
CHEMBL3221964,CC(C)C[C@H](CC(=O)N[C@@H](CO)C(=O)O)C(=O)O,31622.78,inactive
CHEMBL3221965,CC(C)C[C@@H](CC(=O)O)C(=O)N[C@@H](CO)C(=O)O,31622.78,inactive
CHEMBL3222111,CC(C)C[C@H](CC(=O)O)C(=O)N[C@@H](CO)C(=O)O,31622.78,inactive
CHEMBL3235416,CNC(=O)[C@H](Cc1c[nH]cn1)NC(=O)CN(CCCc1ccccc1)CC(=O)O,100000.0,inactive
CHEMBL3264357,N[C@@H](Cc1ccc(O)cc1)P(=O)(O)O,1000.0,active
CHEMBL1233799,CC[C@H](C)[C@H](NC(C)=O)C(=O)N[C@@H](Cc1ccc(O)cc1)C(=O)N[C@@H](Cc1ccc(O)cc1)P(=O)(O)O,110.0,active
CHEMBL3264009,CC[C@H](C)[C@H](NC(C)=O)C(=O)N[C@@H](CC(C)C)C(=O)N[C@@H](Cc1ccc(O)cc1)P(=O)(O)O,12.0,active
CHEMBL3264007,CN[C@H](C(=O)N[C@@H](Cc1ccccc1)C(=O)N[C@@H](Cc1ccc(O)cc1)P(=O)(O)O)C(C)C,220.0,active
CHEMBL3264008,CN[C@H](C(=O)N[C@@H](Cc1ccc(O)cc1)C(=O)N[C@@H](Cc1ccc(O)cc1)P(=O)(O)O)C(C)C,52.0,active
CHEMBL3264010,CC[C@H](C)[C@H](NC(C)=O)C(=O)N[C@@H](Cc1ccccc1)C(=O)N[C@@H](Cc1ccc(O)cc1)P(=O)(O)O,7.0,active
CHEMBL3581909,O=C(OC1O[C@H](CO)[C@@H](O)[C@H](O)[C@H]1O)C1CSSC1,347000.0,inactive
CHEMBL3581908,N=C(N)NCCC[C@H](NC(=O)C1CSSC1)C(=O)O,113000.0,inactive
CHEMBL3581907,N[C@@H](CCN[C@@H](CCN1CC[C@H]1C(=O)O)C(=O)O)C(=O)O,18700.0,inactive
CHEMBL4110944,CC(C)C[C@H](S)C(=O)N1C[C@@H](F)C[C@H]1C(=O)N1CCC[C@H]1C(=O)N1CC[C@@H](C(=O)O)C1,68000.0,inactive
CHEMBL3960222,CC(C)C[C@H](S)C(=O)N1CCC[C@H]1C(=O)N1CCC[C@H]1C(=O)N1CC[C@H](C(=O)O)C1,49000.0,inactive
CHEMBL3932740,CC(C)C[C@H](S)C(=O)N1CCC[C@H]1C(=O)N1CCC[C@H]1C(=O)N1CCC[C@@H]1C(=O)O,12000.0,inactive
CHEMBL3954917,CC(C)C[C@H](S)C(=O)N1CCC[C@H]1C(=O)N1CCC[C@H]1C(=O)N(C)[C@@H](C)C(=O)O,640.0,active
CHEMBL1422,N[C@@H](CC(=O)N1CCn2c(nnc2C(F)(F)F)C1)Cc1cc(F)c(F)cc1F,11000.0,inactive
CHEMBL4067185,C[C@H](N[C@@H](CCc1ccccc1)C(=O)O)C(=O)N1C[C@@H](NC(=O)C[C@H](N)Cc2cc(F)c(F)cc2F)C[C@H]1C(=O)O,158.0,active
CHEMBL4086264,CC[C@H](N[C@@H](CCc1ccccc1)C(=O)O)C(=O)N1C[C@@H](NC(=O)C[C@H](N)Cc2cc(F)c(F)cc2F)C[C@H]1C(=O)O,8.6,active
CHEMBL4078112,CCC[C@H](N[C@@H](CCc1ccccc1)C(=O)O)C(=O)N1C[C@@H](NC(=O)C[C@H](N)Cc2cc(F)c(F)cc2F)C[C@H]1C(=O)O,51.0,active
CHEMBL4090635,CCCC[C@H](N[C@@H](CCc1ccccc1)C(=O)O)C(=O)N1C[C@@H](NC(=O)C[C@H](N)Cc2cc(F)c(F)cc2F)C[C@H]1C(=O)O,279.0,active
CHEMBL4163389,CN1C(=O)/C(=N\C(=S)NCc2cc3ccccc3cc2O)c2ccccc21,22.3,active
CHEMBL4171024,CCCN1C(=O)/C(=N\C(=S)NCc2cc3ccccc3cc2O)c2ccccc21,11.8,active
CHEMBL4160421,O=C1/C(=N\C(=S)NCc2cc3ccccc3cc2O)c2ccccc2N1CCBr,4.11,active
CHEMBL4167651,CC(=O)N1C(=O)/C(=N\C(=S)NCc2cc3ccccc3cc2O)c2ccccc21,10.67,active
CHEMBL4175518,COc1ccc(N2C(=O)/C(=N/C(=S)NCc3cc4ccccc4cc3O)c3ccccc32)cc1,9.82,active
CHEMBL4159339,CC(=O)CN1C(=O)/C(=N\C(=S)NCc2cc3ccccc3cc2O)c2ccccc21,112.0,active
CHEMBL4167252,O=C1/C(=N\C(=S)NCc2cc3ccccc3cc2O)c2ccccc2N1c1ccccc1,18.97,active
CHEMBL4174467,O=C(O)CN1C(=O)/C(=N\C(=S)NCc2cc3ccccc3cc2O)c2ccccc21,2.846,active
CHEMBL4163798,O=C1/C(=N\C(=S)NCc2cc3ccccc3cc2O)c2ccccc2N1c1ccccc1Cl,15.11,active
CHEMBL4166152,Cc1ccc(C(=O)N2C(=O)/C(=N\C(=S)NCc3cc4ccccc4cc3O)c3ccccc32)cc1,24.22,active
CHEMBL4174072,COc1ccc(CN2C(=O)/C(=N\C(=S)NCc3cc4ccccc4cc3O)c3ccccc32)cc1,7.64,active
CHEMBL4163792,O=C1/C(=N\C(=S)NCc2cc3ccccc3cc2O)c2ccccc2N1C(=O)c1ccccc1,8.841,active
CHEMBL858,O=C(O)CN(CCN(CC(=O)O)CC(=O)O)CC(=O)O,14000.0,inactive
CHEMBL4172457,CCCCCCC[C@H](N)C(O)C(=O)N[C@@H](C)C(=O)N[C@H](C(=O)O)C(C)C,460000.0,inactive
CHEMBL4161811,CCCCCCC[C@H](N)[C@H](O)C(=O)N(C)[C@@H](CC[S+](C)[O-])C(=O)N[C@@H](Cc1ccc(O)cc1)C(=O)O,31000.0,inactive
CHEMBL4248427,C[C@H](CS)C(=O)N1C[Si](C)(C)C[C@H]1C(=O)O,43.0,active
CHEMBL289556,O=C(N[C@H]1CCS[C@H]2CCC[C@@H](C(=O)O)N2C1=O)[C@@H](S)Cc1ccccc1,2.0,active
CHEMBL4294217,O=C(N[C@H]1CCS[C@H]2CCC[C@@H](C(=O)O)N2C1=O)[C@H](Cc1ccccc1)SS[C@@H](Cc1ccccc1)C(=O)N[C@H]1CCS[C@H]2CCC[C@@H](C(=O)O)N2C1=O,2200.0,intermediate
CHEMBL4435800,CCOc1nc(CC)c(CNC(=O)[C@@H](S)CC(C)C)n1Cc1ccc(-c2ccccc2C(=O)O)cc1F,10000.0,inactive
CHEMBL4476621,O=C(NNC(=S)Nc1ccc(Cl)c(Cl)c1)c1ccccc1O,0.7,active
CHEMBL417007,C[C@H](C[C@@H](Cc1ccc(-c2ccccc2)cc1)NC(=O)CCC(=O)O)C(=O)O,100000.0,inactive
CHEMBL2402203,C[C@H](NC(=O)[C@H](Cc1ccccc1)NC(=O)OCc1ccccc1)C(=O)CF,100000.0,inactive
CHEMBL4590201,O=C(CF)CNC(=O)[C@H](Cc1ccccc1)NC(=O)c1ccccc1,100000.0,inactive
CHEMBL4520267,O=C(CF)CNC(=O)[C@H](Cc1ccccc1)NC(=O)c1cccc2ccccc12,100000.0,inactive
CHEMBL5207978,CC(=O)C[C@@]1(O)C(=O)C2=C3O[C@H](C)C(C)(C)[C@]3(O)C(=O)c3c(C)cc(O)c(c32)C1=O,3100.0,intermediate
CHEMBL5177969,CC(=O)C[C@]1(O)C(=O)C2=C3O[C@H](C)C(C)(C)[C@]3(O)C(=O)c3c(C)cc(O)c(c32)C1=O,11280.0,inactive
CHEMBL5177023,Cc1c(C#Cc2ccc(CN3CCC(CO)CC3)cc2)cc(C(F)F)c2cn(C(C(=O)Nc3nccs3)c3ncn4c3CCC43CC3)nc12,3000.0,intermediate
CHEMBL429844,CC(C)C[C@H](N[C@@H](Cc1cncn1Cc1cc(Cl)cc(Cl)c1)C(=O)O)C(=O)O,10000.0,inactive
CHEMBL5220314,CC(C)C[C@@H](N[C@@H](Cc1cncn1Cc1cc(Cl)cc(Cl)c1)C(=O)O)C(=O)O,39810.72,inactive
CHEMBL5220968,CC(C)CC(N[C@@H](Cc1cncn1Cc1cc(Cl)cc(Cl)c1)C(=O)O)C(=O)O,39810.72,inactive
CHEMBL445830,C[C@H](CS)C(=O)N1CSC[C@H]1C(=O)O,371.54,active
CHEMBL5272875,C[C@H](CS)C(=O)N1CCS[C@H]1C(=O)O,831.76,active
CHEMBL75752,C[C@H](CS)C(=O)N1c2ccccc2C[C@H]1C(=O)O,2.6,active
CHEMBL5275273,C[C@H](CS)C(=O)N1c2ccccc2CC[C@H]1C(=O)O,25.0,active
CHEMBL23351,O=C(O)C1c2ccccc2CCN1C(=O)CCS,1800.0,intermediate
CHEMBL23467,O=C(O)C1Cc2sccc2CN1C(=O)CCS,620.0,active
CHEMBL5283805,O=C(O)[C@@H]1Cc2c([nH]c3ccccc23)CN1C(=O)CCS,540.0,active
CHEMBL5267769,C[C@H](N[C@@H](CCc1ccccc1)C(=O)O)C(=O)N1Cc2ccccc2[C@H]1C(=O)O,44.0,active
CHEMBL1201405,COc1cc2c(cc1OC)CN(C(=O)[C@H](C)N[C@@H](CCc1ccccc1)C(=O)O)[C@H](C(=O)O)C2,3.0,active
CHEMBL5287967,C[C@H](N[C@@H](CCc1ccccc1)C(=O)O)C(=O)N1CCc2ccccc2[C@H]1C(=O)O,5.8,active
CHEMBL1192519,O=C(O)CN1C(=O)[C@@H](N[C@@H](CCc2ccccc2)C(=O)O)CCc2ccccc21,1.7,active
CHEMBL49920,C[C@H](NC(=O)[C@@H](CS)Cc1ccccc1)C(=O)N1Cc2ccccc2C[C@H]1C(=O)O,14.0,active
CHEMBL50582,C[C@H](NC(=O)[C@@H](CS)Cc1ccccc1)C(=O)N1c2ccccc2C[C@H]1C(=O)O,7.8,active
